participant_id,block_id,trial_index,hazard_rate,noise_sigma,LLR,choice,correct_side,reaction_time_ms,belief_L,subjective_h_snapshot,H,reset_state,prev_observed_belief_L,row_id,split,surrogate_id,generating_model_name,generating_seed,timeout_fallback_count,sample_index
P01,1,1,0.05,0.41,3.226995,1,1,906.0000000000007,3.226995,0.001,0.001,True,0.0,0,TRAIN,cont_threshold_s000,cont_threshold,1367864806,224,0
P01,1,3,0.05,0.41,1.917467,1,1,1267.9999999999711,1.348992,0.991,0.991,False,-2.307557,2,TRAIN,cont_threshold_s000,cont_threshold,1367864806,224,0
P01,1,4,0.05,0.41,1.525006,1,1,2058.999999999884,1.927806,0.531,0.531,False,1.348992,3,TRAIN,cont_threshold_s000,cont_threshold,1367864806,224,0
P01,1,5,0.05,0.41,1.917923,-1,1,1954.9999999998954,2.433343,0.451,0.451,False,1.927806,4,TRAIN,cont_threshold_s000,cont_threshold,1367864806,224,0
P01,1,6,0.05,0.41,5.353956,1,1,923.0000000000007,5.936859,0.441,0.441,False,2.433343,5,TRAIN,cont_threshold_s000,cont_threshold,1367864806,224,0
P01,1,7,0.05,0.41,5.353956,1,1,1243.9999999999739,6.053605,0.441,0.441,False,5.936859,6,TRAIN,cont_threshold_s000,cont_threshold,1367864806,224,0
P01,1,8,0.05,0.41,0.594862,-1,1,1394.9999999999573,1.294952,0.081,0.081,False,6.053605,7,TRAIN,cont_threshold_s000,cont_threshold,1367864806,224,0
P01,1,11,0.05,0.41,0.734078,1,1,924.0000000000007,1.413055,0.061,0.061,False,4.10377,10,TRAIN,cont_threshold_s000,cont_threshold,1367864806,224,0
P01,1,12,0.05,0.41,2.836541,1,1,906.0000000000007,3.253835,0.051,0.051,False,1.413055,11,TRAIN,cont_threshold_s000,cont_threshold,1367864806,224,0
P01,1,13,0.05,0.41,5.294251,1,1,906.0000000000007,5.941676,0.051,0.051,False,3.253835,12,TRAIN,cont_threshold_s000,cont_threshold,1367864806,224,0
P01,1,15,0.05,0.41,3.753973,1,1,972.0000000000008,4.389664,0.051,0.051,False,3.054267,14,TRAIN,cont_threshold_s000,cont_threshold,1367864806,224,0
P01,1,16,0.05,0.41,2.345472,1,1,1190.9999999999795,3.030494,0.051,0.051,False,4.389664,15,TRAIN,cont_threshold_s000,cont_threshold,1367864806,224,0
P01,1,17,0.05,0.41,2.265176,1,1,906.0000000000007,2.899324,0.051,0.051,False,3.030494,16,TRAIN,cont_threshold_s000,cont_threshold,1367864806,224,0
P01,1,18,0.05,0.41,-0.442225,1,1,1497.9999999999459,0.182801,0.331,0.331,False,2.899324,17,TRAIN,cont_threshold_s000,cont_threshold,1367864806,224,0
P01,1,19,0.05,0.41,4.813038,1,1,906.0000000000007,4.874673,0.331,0.331,False,0.182801,18,TRAIN,cont_threshold_s000,cont_threshold,1367864806,224,0
P01,1,21,0.05,0.41,1.054018,1,1,1537.9999999999413,1.75275,0.301,0.301,False,5.730409,20,TRAIN,cont_threshold_s000,cont_threshold,1367864806,224,0
P01,1,22,0.05,0.41,3.388123,1,1,2141.999999999875,3.873756,0.291,0.291,False,1.75275,21,TRAIN,cont_threshold_s000,cont_threshold,1367864806,224,0
P01,1,24,0.05,0.41,0.717787,1,1,2731.99999999981,1.41778,0.261,0.261,False,6.026709,23,TRAIN,cont_threshold_s000,cont_threshold,1367864806,224,0
P01,1,25,0.05,0.41,5.022416,1,1,996.0000000000008,5.440759,0.261,0.261,False,1.41778,24,TRAIN,cont_threshold_s000,cont_threshold,1367864806,224,0
P01,1,26,0.05,0.41,5.353956,1,1,1094.9999999999902,6.051039,0.261,0.261,False,5.440759,25,TRAIN,cont_threshold_s000,cont_threshold,1367864806,224,0
P01,1,27,0.05,0.41,-5.147871,-1,0,906.0000000000007,-4.44779,0.261,0.261,False,6.051039,26,TRAIN,cont_threshold_s000,cont_threshold,1367864806,224,0
P01,1,28,0.05,0.41,-0.368008,-1,0,1110.9999999999884,-1.054067,0.231,0.231,False,-4.44779,27,TRAIN,cont_threshold_s000,cont_threshold,1367864806,224,0
P01,1,29,0.05,0.41,-1.1697,-1,0,915.0000000000007,-1.499233,0.211,0.211,False,-1.054067,28,TRAIN,cont_threshold_s000,cont_threshold,1367864806,224,0
P01,1,31,0.05,0.41,-5.353956,-1,0,906.0000000000007,-4.77828,0.231,0.231,False,2.36876,30,TEST,cont_threshold_s000,cont_threshold,1367864806,224,0
P01,1,32,0.05,0.41,-0.619063,1,0,1659.999999999928,-1.310026,0.211,0.211,False,-4.77828,31,TEST,cont_threshold_s000,cont_threshold,1367864806,224,0
P01,1,34,0.05,0.41,-2.588615,-1,0,931.0000000000007,-3.256659,0.201,0.201,False,-3.728027,33,TEST,cont_threshold_s000,cont_threshold,1367864806,224,0
P01,1,35,0.05,0.41,0.78139,1,0,1078.999999999992,0.133814,0.281,0.281,False,-3.256659,34,TEST,cont_threshold_s000,cont_threshold,1367864806,224,0
P01,1,36,0.05,0.41,-5.353956,-1,0,1141.999999999985,-5.308787,0.271,0.271,False,0.133814,35,TEST,cont_threshold_s000,cont_threshold,1367864806,224,0
P01,1,37,0.05,0.41,-3.285926,-1,0,2466.9999999998395,-3.982086,0.271,0.271,False,-5.308787,36,TEST,cont_threshold_s000,cont_threshold,1367864806,224,0
P01,1,38,0.05,0.41,0.778371,-1,0,906.0000000000007,0.102516,0.331,0.331,False,-3.982086,37,TEST,cont_threshold_s000,cont_threshold,1367864806,224,0
P01,1,39,0.05,0.41,-5.353956,-1,0,1338.9999999999634,-5.319332,0.331,0.331,False,0.102516,38,TEST,cont_threshold_s000,cont_threshold,1367864806,224,0
P01,1,40,0.05,0.41,-4.549726,-1,0,940.0000000000007,-5.245965,0.331,0.331,False,-5.319332,39,TEST,cont_threshold_s000,cont_threshold,1367864806,224,0
P01,2,1,0.1,0.41,-1.409163,-1,0,938.0000000000007,-1.409163,0.001,0.001,True,0.0,40,TRAIN,cont_threshold_s000,cont_threshold,1367864806,224,0
P01,2,2,0.1,0.41,-5.353956,-1,0,906.0000000000007,-6.647868,0.001,0.001,False,-1.409163,41,TRAIN,cont_threshold_s000,cont_threshold,1367864806,224,0
P01,2,3,0.1,0.41,-0.52436,-1,1,906.0000000000007,-3.926944,0.001,0.001,False,-6.647868,42,TRAIN,cont_threshold_s000,cont_threshold,1367864806,224,0
P01,2,4,0.1,0.41,4.236247,1,1,2003.9999999998904,1.273233,0.111,0.111,False,-3.926944,43,TRAIN,cont_threshold_s000,cont_threshold,1367864806,224,0
P01,2,5,0.1,0.41,1.223392,1,1,979.0000000000008,2.397326,0.101,0.101,False,1.273233,44,TRAIN,cont_threshold_s000,cont_threshold,1367864806,224,0
P01,2,6,0.1,0.41,5.353956,1,1,1139.9999999999852,7.452818,0.101,0.101,False,2.397326,45,TRAIN,cont_threshold_s000,cont_threshold,1367864806,224,0
P01,2,7,0.1,0.41,3.53347,1,1,3314.999999999746,6.957805,0.101,0.101,False,7.452818,46,TRAIN,cont_threshold_s000,cont_threshold,1367864806,224,0
P01,2,8,0.1,0.41,0.906646,1,0,2536.9999999998317,4.319655,0.081,0.081,False,6.957805,47,TRAIN,cont_threshold_s000,cont_threshold,1367864806,224,0
P01,2,9,0.1,0.41,-0.740993,-1,0,3498.999999999726,2.353964,0.051,0.051,False,4.319655,48,TRAIN,cont_threshold_s000,cont_threshold,1367864806,224,0
P01,2,10,0.1,0.41,-1.841031,-1,0,3628.9999999997112,0.2257,0.091,0.091,False,2.353964,49,TRAIN,cont_threshold_s000,cont_threshold,1367864806,224,0
P01,2,11,0.1,0.41,2.097033,1,1,3632.999999999711,2.308632,0.081,0.081,False,0.2257,50,TRAIN,cont_threshold_s000,cont_threshold,1367864806,224,0
P01,2,12,0.1,0.41,3.243506,1,1,2577.999999999827,5.276275,0.081,0.081,False,2.308632,51,TRAIN,cont_threshold_s000,cont_threshold,1367864806,224,0
P01,2,13,0.1,0.41,0.756703,1,1,2515.999999999834,4.050919,0.071,0.071,False,5.276275,52,TRAIN,cont_threshold_s000,cont_threshold,1367864806,224,0
P01,2,14,0.1,0.41,5.353956,1,1,906.0000000000007,8.362356,0.071,0.071,False,4.050919,53,TRAIN,cont_threshold_s000,cont_threshold,1367864806,224,0
P01,2,15,0.1,0.41,-0.227382,-1,1,3131.9999999997663,3.207631,0.061,0.061,False,8.362356,54,TRAIN,cont_threshold_s000,cont_threshold,1367864806,224,0
P01,2,16,0.1,0.41,2.004847,1,1,1202.9999999999784,4.631081,0.061,0.061,False,3.207631,55,TRAIN,cont_threshold_s000,cont_threshold,1367864806,224,0
P01,2,17,0.1,0.41,4.411135,1,1,2071.9999999998827,7.587839,0.061,0.061,False,4.631081,56,TRAIN,cont_threshold_s000,cont_threshold,1367864806,224,0
P01,2,18,0.1,0.41,5.353956,1,1,913.0000000000007,8.780539,0.061,0.061,False,7.587839,57,TRAIN,cont_threshold_s000,cont_threshold,1367864806,224,0
P01,2,19,0.1,0.41,0.639757,-1,1,1265.9999999999714,4.077246,0.061,0.061,False,8.780539,58,TRAIN,cont_threshold_s000,cont_threshold,1367864806,224,0
P01,2,20,0.1,0.41,2.879757,1,1,4229.999999999747,5.89734,0.061,0.061,False,4.077246,59,TRAIN,cont_threshold_s000,cont_threshold,1367864806,224,0
P01,2,21,0.1,0.41,0.649122,1,1,3862.9999999996858,4.009117,0.061,0.061,False,5.89734,60,TRAIN,cont_threshold_s000,cont_threshold,1367864806,224,0
P01,2,22,0.1,0.41,-4.729901,-1,0,1791.9999999999134,-1.736407,0.021,0.021,False,4.009117,61,TRAIN,cont_threshold_s000,cont_threshold,1367864806,224,0
P01,2,23,0.1,0.41,-3.655983,-1,0,906.0000000000007,-5.231129,0.021,0.021,False,-1.736407,62,TRAIN,cont_threshold_s000,cont_threshold,1367864806,224,0
P01,2,24,0.1,0.41,-5.353956,-1,0,906.0000000000007,-8.641838,0.021,0.021,False,-5.231129,63,TRAIN,cont_threshold_s000,cont_threshold,1367864806,224,0
P01,2,25,0.1,0.41,-3.556863,-1,0,906.0000000000007,-6.993642,0.021,0.021,False,-8.641838,64,TRAIN,cont_threshold_s000,cont_threshold,1367864806,224,0
P01,2,26,0.1,0.41,-5.353956,-1,0,906.0000000000007,-8.767981,0.021,0.021,False,-6.993642,65,TRAIN,cont_threshold_s000,cont_threshold,1367864806,224,0
P01,2,27,0.1,0.41,-2.434899,-1,0,906.0000000000007,-5.872328,0.021,0.021,False,-8.767981,66,TRAIN,cont_threshold_s000,cont_threshold,1367864806,224,0
P01,2,28,0.1,0.41,-1.645168,-1,0,1843.9999999999077,-5.003164,0.021,0.021,False,-5.872328,67,TRAIN,cont_threshold_s000,cont_threshold,1367864806,224,0
P01,2,29,0.1,0.41,5.353956,1,1,1629.9999999999313,2.102043,0.021,0.021,False,-5.003164,68,TRAIN,cont_threshold_s000,cont_threshold,1367864806,224,0
P01,2,30,0.1,0.41,4.903863,1,1,906.0000000000007,6.777281,0.021,0.021,False,2.102043,69,TRAIN,cont_threshold_s000,cont_threshold,1367864806,224,0
P01,2,31,0.1,0.41,3.649547,1,1,906.0000000000007,7.056866,0.021,0.021,False,6.777281,70,TEST,cont_threshold_s000,cont_threshold,1367864806,224,0
P01,2,32,0.1,0.41,1.940681,1,1,906.0000000000007,5.356414,0.021,0.021,False,7.056866,71,TEST,cont_threshold_s000,cont_threshold,1367864806,224,0
P01,2,33,0.1,0.41,5.224597,1,1,992.0000000000008,8.529467,0.021,0.021,False,5.356414,72,TEST,cont_threshold_s000,cont_threshold,1367864806,224,0
P01,2,34,0.1,0.41,0.308859,1,1,2193.9999999998695,3.744987,0.021,0.021,False,8.529467,73,TEST,cont_threshold_s000,cont_threshold,1367864806,224,0
P01,2,35,0.1,0.41,4.507985,1,1,906.0000000000007,7.397815,0.021,0.021,False,3.744987,74,TEST,cont_threshold_s000,cont_threshold,1367864806,224,0
P01,2,36,0.1,0.41,4.861194,1,1,906.0000000000007,8.284523,0.021,0.021,False,7.397815,75,TEST,cont_threshold_s000,cont_threshold,1367864806,224,0
P01,2,38,0.1,0.41,-1.137463,-1,1,1750.999999999918,-0.943035,0.041,0.041,False,0.207369,77,TEST,cont_threshold_s000,cont_threshold,1367864806,224,0
P01,2,39,0.1,0.41,0.477975,-1,1,1457.9999999999502,-0.398495,0.031,0.031,False,-0.943035,78,TEST,cont_threshold_s000,cont_threshold,1367864806,224,0
P01,2,40,0.1,0.41,3.099226,1,1,2304.999999999857,2.726036,0.031,0.031,False,-0.398495,79,TEST,cont_threshold_s000,cont_threshold,1367864806,224,0
P01,3,1,0.3,0.41,1.187286,-1,0,906.0000000000007,1.187286,0.001,0.001,True,0.0,80,TRAIN,cont_threshold_s000,cont_threshold,1367864806,224,0
P01,3,2,0.3,0.41,-5.353956,-1,0,984.0000000000008,-4.47239,0.991,0.991,False,1.187286,81,TRAIN,cont_threshold_s000,cont_threshold,1367864806,224,0
P01,3,3,0.3,0.41,-5.353956,-1,0,906.0000000000007,-7.348429,0.391,0.391,False,-4.47239,82,TRAIN,cont_threshold_s000,cont_threshold,1367864806,224,0
P01,3,4,0.3,0.41,-5.353956,-1,0,1099.9999999999895,-7.429462,0.271,0.271,False,-7.348429,83,TRAIN,cont_threshold_s000,cont_threshold,1367864806,224,0
P01,3,5,0.3,0.41,2.225703,1,1,2411.9999999998454,0.149804,0.781,0.781,False,-7.429462,84,TRAIN,cont_threshold_s000,cont_threshold,1367864806,224,0
P01,3,6,0.3,0.41,1.415193,-1,1,4078.9999999996967,1.531655,0.441,0.441,False,0.149804,85,TRAIN,cont_threshold_s000,cont_threshold,1367864806,224,0
P01,3,7,0.3,0.41,-0.287975,1,1,2210.9999999998677,0.814423,0.581,0.581,False,1.531655,86,TRAIN,cont_threshold_s000,cont_threshold,1367864806,224,0
P01,3,8,0.3,0.41,1.409041,1,1,3294.999999999748,2.028932,0.601,0.601,False,0.814423,87,TRAIN,cont_threshold_s000,cont_threshold,1367864806,224,0
P01,3,9,0.3,0.41,1.962525,1,1,1020.9999999999984,3.340077,0.561,0.561,False,2.028932,88,TRAIN,cont_threshold_s000,cont_threshold,1367864806,224,0
P01,3,10,0.3,0.41,1.723602,-1,1,2618.9999999998226,3.558764,0.511,0.511,False,3.340077,89,TRAIN,cont_threshold_s000,cont_threshold,1367864806,224,0
P01,3,11,0.3,0.41,5.046169,1,1,1201.9999999999784,6.924859,0.511,0.511,False,3.558764,90,TRAIN,cont_threshold_s000,cont_threshold,1367864806,224,0
P01,3,12,0.3,0.41,1.275118,1,1,3147.9999999997644,3.347965,0.431,0.431,False,6.924859,91,TRAIN,cont_threshold_s000,cont_threshold,1367864806,224,0
P01,3,13,0.3,0.41,4.639804,1,1,1460.99999999995,6.47667,0.421,0.421,False,3.347965,92,TRAIN,cont_threshold_s000,cont_threshold,1367864806,224,0
P01,3,14,0.3,0.41,-2.350907,-1,0,983.0000000000008,-0.282398,0.071,0.071,False,6.47667,93,TRAIN,cont_threshold_s000,cont_threshold,1367864806,224,0
P01,3,15,0.3,0.41,-2.326622,-1,0,1641.99999999993,-2.545752,0.091,0.091,False,-0.282398,94,TRAIN,cont_threshold_s000,cont_threshold,1367864806,224,0
P01,3,16,0.3,0.41,-1.26568,-1,0,2826.9999999997995,-2.868626,0.081,0.081,False,-2.545752,95,TRAIN,cont_threshold_s000,cont_threshold,1367864806,224,0
P01,3,17,0.3,0.41,5.353956,1,1,1792.9999999999134,3.641143,0.051,0.051,False,-2.868626,96,TRAIN,cont_threshold_s000,cont_threshold,1367864806,224,0
P01,3,19,0.3,0.41,-3.17042,1,0,1869.999999999905,-1.103595,0.071,0.071,False,6.345064,98,TRAIN,cont_threshold_s000,cont_threshold,1367864806,224,0
P01,3,20,0.3,0.41,4.916102,1,1,972.0000000000008,4.091436,0.071,0.071,False,-1.103595,99,TRAIN,cont_threshold_s000,cont_threshold,1367864806,224,0
P01,3,21,0.3,0.41,0.581431,1,1,1115.999999999988,2.538444,0.071,0.071,False,4.091436,100,TRAIN,cont_threshold_s000,cont_threshold,1367864806,224,0
P01,3,22,0.3,0.41,5.211775,1,1,906.0000000000007,6.811967,0.071,0.071,False,2.538444,101,TRAIN,cont_threshold_s000,cont_threshold,1367864806,224,0
P01,3,23,0.3,0.41,3.049696,1,1,1230.9999999999752,5.121625,0.071,0.071,False,6.811967,102,TRAIN,cont_threshold_s000,cont_threshold,1367864806,224,0
P01,3,24,0.3,0.41,-4.341324,1,0,2144.999999999875,-2.30669,0.071,0.071,False,5.121625,103,TRAIN,cont_threshold_s000,cont_threshold,1367864806,224,0
P01,3,25,0.3,0.41,-0.288776,-1,0,906.0000000000007,-1.795237,0.071,0.071,False,-2.30669,104,TRAIN,cont_threshold_s000,cont_threshold,1367864806,224,0
P01,3,26,0.3,0.41,-5.353956,-1,0,906.0000000000007,-6.609094,0.071,0.071,False,-1.795237,105,TRAIN,cont_threshold_s000,cont_threshold,1367864806,224,0
P01,3,27,0.3,0.41,-1.965447,-1,0,1898.9999999999015,-4.035444,0.071,0.071,False,-6.609094,106,TRAIN,cont_threshold_s000,cont_threshold,1367864806,224,0
P01,3,28,0.3,0.41,2.394558,1,1,1396.999999999957,0.444201,0.091,0.091,False,-4.035444,107,TRAIN,cont_threshold_s000,cont_threshold,1367864806,224,0
P01,3,30,0.3,0.41,3.464969,1,1,930.0000000000007,5.519439,0.091,0.091,False,5.697305,109,TRAIN,cont_threshold_s000,cont_threshold,1367864806,224,0
P01,3,31,0.3,0.41,1.054911,1,1,962.0000000000008,3.104382,0.091,0.091,False,5.519439,110,TEST,cont_threshold_s000,cont_threshold,1367864806,224,0
P01,3,32,0.3,0.41,-1.724342,-1,0,926.0000000000007,0.054897,0.121,0.121,False,3.104382,111,TEST,cont_threshold_s000,cont_threshold,1367864806,224,0
P01,3,33,0.3,0.41,-5.353956,-1,0,906.0000000000007,-5.31125,0.121,0.121,False,0.054897,112,TEST,cont_threshold_s000,cont_threshold,1367864806,224,0
P01,3,34,0.3,0.41,-2.071553,-1,0,917.0000000000007,-4.113967,0.121,0.121,False,-5.31125,113,TEST,cont_threshold_s000,cont_threshold,1367864806,224,0
P01,3,35,0.3,0.41,-0.290645,-1,1,2117.9999999998777,-2.250246,0.121,0.121,False,-4.113967,114,TEST,cont_threshold_s000,cont_threshold,1367864806,224,0
P01,3,36,0.3,0.41,-5.353956,-1,0,1007.9999999999998,-6.835692,0.121,0.121,False,-2.250246,115,TEST,cont_threshold_s000,cont_threshold,1367864806,224,0
P01,3,37,0.3,0.41,-0.254512,1,1,1144.9999999999848,-2.326643,0.111,0.111,False,-6.835692,116,TEST,cont_threshold_s000,cont_threshold,1367864806,224,0
P01,3,38,0.3,0.41,-2.897962,-1,0,915.0000000000007,-4.412986,0.111,0.111,False,-2.326643,117,TEST,cont_threshold_s000,cont_threshold,1367864806,224,0
P01,3,39,0.3,0.41,-5.353956,-1,0,906.0000000000007,-7.343401,0.111,0.111,False,-4.412986,118,TEST,cont_threshold_s000,cont_threshold,1367864806,224,0
P01,3,40,0.3,0.41,-5.353956,-1,0,906.0000000000007,-7.429437,0.111,0.111,False,-7.343401,119,TEST,cont_threshold_s000,cont_threshold,1367864806,224,0
P01,4,1,0.5,0.41,4.13596,1,1,906.0000000000007,4.13596,0.001,0.001,True,0.0,120,TRAIN,cont_threshold_s000,cont_threshold,1367864806,224,0
P01,4,2,0.5,0.41,1.318223,1,1,906.0000000000007,1.912347,0.001,0.001,False,4.13596,121,TRAIN,cont_threshold_s000,cont_threshold,1367864806,224,0
P01,4,3,0.5,0.41,4.283771,1,1,906.0000000000007,4.733783,0.001,0.001,False,1.912347,122,TRAIN,cont_threshold_s000,cont_threshold,1367864806,224,0
P01,4,4,0.5,0.41,0.392906,1,1,906.0000000000007,0.996169,0.001,0.001,False,4.733783,123,TRAIN,cont_threshold_s000,cont_threshold,1367864806,224,0
P01,4,5,0.5,0.41,0.91573,1,1,1280.9999999999698,1.191997,0.001,0.001,False,0.996169,124,TRAIN,cont_threshold_s000,cont_threshold,1367864806,224,0
P01,4,6,0.5,0.41,1.406115,1,0,906.0000000000007,1.727227,0.001,0.001,False,1.191997,125,TRAIN,cont_threshold_s000,cont_threshold,1367864806,224,0
P01,4,7,0.5,0.41,0.803872,1,1,970.0000000000008,1.226112,0.331,0.331,False,1.727227,126,TRAIN,cont_threshold_s000,cont_threshold,1367864806,224,0
P01,4,8,0.5,0.41,-4.657644,-1,0,920.0000000000007,-4.329141,0.331,0.331,False,1.226112,127,TRAIN,cont_threshold_s000,cont_threshold,1367864806,224,0
P01,4,9,0.5,0.41,-4.80869,-1,0,906.0000000000007,-5.406363,0.331,0.331,False,-4.329141,128,TRAIN,cont_threshold_s000,cont_threshold,1367864806,224,0
P01,4,10,0.5,0.41,-3.867973,-1,0,970.0000000000008,-4.47678,0.331,0.331,False,-5.406363,129,TRAIN,cont_threshold_s000,cont_threshold,1367864806,224,0
P01,4,11,0.5,0.41,3.054955,1,1,915.0000000000007,2.454983,0.361,0.361,False,-4.47678,130,TRAIN,cont_threshold_s000,cont_threshold,1367864806,224,0
P01,4,12,0.5,0.41,1.744219,1,1,906.0000000000007,2.256904,0.331,0.331,False,2.454983,131,TRAIN,cont_threshold_s000,cont_threshold,1367864806,224,0
P01,4,13,0.5,0.41,3.172887,1,0,906.0000000000007,3.665675,0.331,0.331,False,2.256904,132,TRAIN,cont_threshold_s000,cont_threshold,1367864806,224,0
P01,4,14,0.5,0.41,1.543522,1,1,1311.9999999999663,2.125686,0.301,0.301,False,3.665675,133,TRAIN,cont_threshold_s000,cont_threshold,1367864806,224,0
P01,4,15,0.5,0.41,0.774145,1,1,1195.999999999979,1.251935,0.271,0.271,False,2.125686,134,TRAIN,cont_threshold_s000,cont_threshold,1367864806,224,0
P01,4,16,0.5,0.41,5.353956,1,1,1197.9999999999789,5.687967,0.271,0.271,False,1.251935,135,TRAIN,cont_threshold_s000,cont_threshold,1367864806,224,0
P01,4,17,0.5,0.41,-3.013439,-1,0,1426.9999999999536,-2.403205,0.291,0.291,False,5.687967,136,TRAIN,cont_threshold_s000,cont_threshold,1367864806,224,0
P01,4,18,0.5,0.41,2.564866,1,1,1726.9999999999206,2.05708,0.301,0.301,False,-2.403205,137,TRAIN,cont_threshold_s000,cont_threshold,1367864806,224,0
P01,4,19,0.5,0.41,1.295361,1,1,2278.99999999986,1.76469,0.291,0.291,False,2.05708,138,TRAIN,cont_threshold_s000,cont_threshold,1367864806,224,0
P01,4,20,0.5,0.41,4.879399,1,1,973.0000000000008,5.307547,0.291,0.291,False,1.76469,139,TRAIN,cont_threshold_s000,cont_threshold,1367864806,224,0
P01,4,21,0.5,0.41,5.353956,1,1,938.0000000000007,5.96216,0.291,0.291,False,5.307547,140,TRAIN,cont_threshold_s000,cont_threshold,1367864806,224,0
P01,4,22,0.5,0.41,0.690933,1,0,906.0000000000007,1.302222,0.261,0.261,False,5.96216,141,TRAIN,cont_threshold_s000,cont_threshold,1367864806,224,0
P01,4,23,0.5,0.41,-1.24007,-1,0,906.0000000000007,-0.895541,0.301,0.301,False,1.302222,142,TRAIN,cont_threshold_s000,cont_threshold,1367864806,224,0
P01,4,24,0.5,0.41,-2.953982,-1,0,1333.9999999999638,-3.20566,0.301,0.301,False,-0.895541,143,TRAIN,cont_threshold_s000,cont_threshold,1367864806,224,0
P01,4,25,0.5,0.41,3.749239,-1,1,1771.9999999999156,3.185177,0.311,0.311,False,-3.20566,144,TRAIN,cont_threshold_s000,cont_threshold,1367864806,224,0
P01,4,26,0.5,0.41,4.078283,1,1,906.0000000000007,4.641347,0.311,0.311,False,3.185177,145,TRAIN,cont_threshold_s000,cont_threshold,1367864806,224,0
P01,4,27,0.5,0.41,-4.902201,-1,0,2457.9999999998404,-4.300028,0.311,0.311,False,4.641347,146,TRAIN,cont_threshold_s000,cont_threshold,1367864806,224,0
P01,4,28,0.5,0.41,0.596803,1,1,1650.999999999929,-0.000377,0.261,0.261,False,-4.300028,147,TRAIN,cont_threshold_s000,cont_threshold,1367864806,224,0
P01,4,29,0.5,0.41,5.353956,1,1,906.0000000000007,5.353844,0.261,0.261,False,-0.000377,148,TRAIN,cont_threshold_s000,cont_threshold,1367864806,224,0
P01,4,30,0.5,0.41,-2.964141,-1,0,1561.9999999999388,-2.355648,0.281,0.281,False,5.353844,149,TRAIN,cont_threshold_s000,cont_threshold,1367864806,224,0
P01,4,31,0.5,0.41,0.732603,-1,1,1588.9999999999359,0.229502,0.311,0.311,False,-2.355648,150,TEST,cont_threshold_s000,cont_threshold,1367864806,224,0
P01,4,32,0.5,0.41,-2.37486,1,0,1927.9999999998984,-2.306741,0.301,0.301,False,0.229502,151,TEST,cont_threshold_s000,cont_threshold,1367864806,224,0
P01,4,33,0.5,0.41,1.539819,-1,1,1704.999999999923,1.041725,0.331,0.331,False,-2.306741,152,TEST,cont_threshold_s000,cont_threshold,1367864806,224,0
P01,4,34,0.5,0.41,5.197843,1,1,907.0000000000007,5.484904,0.331,0.331,False,1.041725,153,TEST,cont_threshold_s000,cont_threshold,1367864806,224,0
P01,4,35,0.5,0.41,3.732736,1,1,945.0000000000007,4.341982,0.331,0.331,False,5.484904,154,TEST,cont_threshold_s000,cont_threshold,1367864806,224,0
P01,4,36,0.5,0.41,-0.994625,-1,1,2477.999999999838,-0.396738,0.371,0.371,False,4.341982,155,TEST,cont_threshold_s000,cont_threshold,1367864806,224,0
P01,4,37,0.5,0.41,-3.2152,-1,0,1048.9999999999952,-3.332034,0.371,0.371,False,-0.396738,156,TEST,cont_threshold_s000,cont_threshold,1367864806,224,0
P01,4,38,0.5,0.41,-4.229171,-1,0,1549.9999999999402,-4.798994,0.371,0.371,False,-3.332034,157,TEST,cont_threshold_s000,cont_threshold,1367864806,224,0
P01,4,39,0.5,0.41,-0.850482,1,0,1374.9999999999593,-1.454456,0.351,0.351,False,-4.798994,158,TEST,cont_threshold_s000,cont_threshold,1367864806,224,0
P01,4,40,0.5,0.41,-5.353956,-1,0,910.0000000000007,-5.728612,0.351,0.351,False,-1.454456,159,TEST,cont_threshold_s000,cont_threshold,1367864806,224,0
P02,1,1,0.5,0.24,11.051806,1,1,5000.000000000005,11.135816,0.061,0.061,True,0.0,160,TRAIN,cont_threshold_s000,cont_threshold,1367864806,224,0
P02,1,15,0.5,0.24,10.363132,1,1,5000.000000000005,10.279085,0.061,0.061,False,11.135816,161,TRAIN,cont_threshold_s000,cont_threshold,1367864806,224,0
P02,1,16,0.5,0.24,10.9934,1,1,5000.000000000005,10.909356,0.061,0.061,False,10.279085,162,TRAIN,cont_threshold_s000,cont_threshold,1367864806,224,0
P02,1,17,0.5,0.24,1.922244,1,0,5000.000000000005,1.838197,0.051,0.051,False,10.909356,163,TRAIN,cont_threshold_s000,cont_threshold,1367864806,224,0
P02,1,18,0.5,0.24,13.086939,1,1,5000.000000000005,13.025981,0.051,0.051,False,1.838197,164,TRAIN,cont_threshold_s000,cont_threshold,1367864806,224,0
P02,1,19,0.5,0.24,2.400132,1,1,5000.000000000005,2.316083,0.041,0.041,False,13.025981,165,TRAIN,cont_threshold_s000,cont_threshold,1367864806,224,0
P02,1,20,0.5,0.24,4.317477,1,1,5000.000000000005,4.248536,0.041,0.041,False,2.316083,166,TRAIN,cont_threshold_s000,cont_threshold,1367864806,224,0
P02,1,21,0.5,0.24,1.308419,1,1,5000.000000000005,1.22674,0.031,0.031,False,4.248536,167,TRAIN,cont_threshold_s000,cont_threshold,1367864806,224,0
P02,1,22,0.5,0.24,9.092244,1,1,5000.000000000005,9.046331,0.031,0.031,False,1.22674,168,TRAIN,cont_threshold_s000,cont_threshold,1367864806,224,0
P02,1,23,0.5,0.24,-10.373102,-1,0,5000.000000000005,-10.457131,0.031,0.031,False,9.046331,169,TRAIN,cont_threshold_s000,cont_threshold,1367864806,224,0
P02,1,24,0.5,0.24,-4.561895,-1,0,5000.000000000005,-4.47785,0.031,0.031,False,-10.457131,170,TRAIN,cont_threshold_s000,cont_threshold,1367864806,224,0
P02,1,25,0.5,0.24,5.053847,1,0,5000.000000000005,5.136007,0.081,0.081,False,-4.47785,171,TRAIN,cont_threshold_s000,cont_threshold,1367864806,224,0
P02,1,26,0.5,0.24,-11.908489,-1,0,5000.000000000005,-11.991555,0.081,0.081,False,5.136007,172,TRAIN,cont_threshold_s000,cont_threshold,1367864806,224,0
P02,1,27,0.5,0.24,6.527328,1,1,5000.000000000005,6.611376,0.091,0.091,False,-11.991555,173,TRAIN,cont_threshold_s000,cont_threshold,1367864806,224,0
P02,1,28,0.5,0.24,11.512514,1,1,5000.000000000005,11.428691,0.091,0.091,False,6.611376,174,TRAIN,cont_threshold_s000,cont_threshold,1367864806,224,0
P02,1,29,0.5,0.24,5.414299,1,1,5000.000000000005,5.330252,0.091,0.091,False,11.428691,175,TRAIN,cont_threshold_s000,cont_threshold,1367864806,224,0
P02,1,30,0.5,0.24,-13.152849,-1,0,5000.000000000005,-13.236088,0.091,0.091,False,5.330252,176,TRAIN,cont_threshold_s000,cont_threshold,1367864806,224,0
P02,1,31,0.5,0.24,12.764991,1,1,5000.000000000005,12.849041,0.091,0.091,False,-13.236088,177,TEST,cont_threshold_s000,cont_threshold,1367864806,224,0
P02,1,32,0.5,0.24,1.859469,1,1,5000.000000000005,1.77542,0.521,0.521,False,12.849041,178,TEST,cont_threshold_s000,cont_threshold,1367864806,224,0
P02,1,33,0.5,0.24,15.208509,1,1,5000.000000000005,15.148829,0.521,0.521,False,1.77542,179,TEST,cont_threshold_s000,cont_threshold,1367864806,224,0
P02,1,34,0.5,0.24,11.306505,1,1,5000.000000000005,11.222455,0.521,0.521,False,15.148829,180,TEST,cont_threshold_s000,cont_threshold,1367864806,224,0
P02,1,35,0.5,0.24,-11.959252,-1,0,5000.000000000005,-12.0433,0.521,0.521,False,11.222455,181,TEST,cont_threshold_s000,cont_threshold,1367864806,224,0
P02,1,36,0.5,0.24,-12.057083,-1,0,5000.000000000005,-11.973034,0.521,0.521,False,-12.0433,182,TEST,cont_threshold_s000,cont_threshold,1367864806,224,0
P02,1,37,0.5,0.24,9.244925,1,1,5000.000000000005,9.328974,0.521,0.521,False,-11.973034,183,TEST,cont_threshold_s000,cont_threshold,1367864806,224,0
P02,1,38,0.5,0.24,-4.561845,-1,0,5000.000000000005,-4.645879,0.521,0.521,False,9.328974,184,TEST,cont_threshold_s000,cont_threshold,1367864806,224,0
P02,1,39,0.5,0.24,9.37053,1,1,5000.000000000005,9.452979,0.521,0.521,False,-4.645879,185,TEST,cont_threshold_s000,cont_threshold,1367864806,224,0
P02,1,40,0.5,0.24,5.550216,1,1,5000.000000000005,5.46618,0.521,0.521,False,9.452979,186,TEST,cont_threshold_s000,cont_threshold,1367864806,224,0
P02,2,1,0.1,0.24,-15.625,-1,0,906.0000000000007,-15.625,0.001,0.001,True,0.0,187,TRAIN,cont_threshold_s000,cont_threshold,1367864806,224,0
P02,2,2,0.1,0.24,-6.07162,-1,0,906.0000000000007,-6.349392,0.001,0.001,False,-15.625,188,TRAIN,cont_threshold_s000,cont_threshold,1367864806,224,0
P02,2,3,0.1,0.24,-13.779296,-1,0,906.0000000000007,-14.056086,0.001,0.001,False,-6.349392,189,TRAIN,cont_threshold_s000,cont_threshold,1367864806,224,0
P02,2,4,0.1,0.24,-6.826012,-1,0,1144.9999999999848,-7.103784,0.001,0.001,False,-14.056086,190,TRAIN,cont_threshold_s000,cont_threshold,1367864806,224,0
P02,2,5,0.1,0.24,2.414394,1,1,5000.000000000005,2.137084,0.831,0.831,False,-7.103784,191,TRAIN,cont_threshold_s000,cont_threshold,1367864806,224,0
P02,2,6,0.1,0.24,1.571247,1,1,5000.000000000005,1.789853,0.431,0.431,False,2.137084,192,TRAIN,cont_threshold_s000,cont_threshold,1367864806,224,0
P02,2,7,0.1,0.24,10.42561,1,1,5000.000000000005,10.623264,0.431,0.431,False,1.789853,193,TRAIN,cont_threshold_s000,cont_threshold,1367864806,224,0
P02,2,8,0.1,0.24,4.916272,1,1,5000.000000000005,5.194031,0.421,0.421,False,10.623264,194,TRAIN,cont_threshold_s000,cont_threshold,1367864806,224,0
P02,2,9,0.1,0.24,5.61545,1,1,5000.000000000005,5.890117,0.421,0.421,False,5.194031,195,TRAIN,cont_threshold_s000,cont_threshold,1367864806,224,0
P02,2,10,0.1,0.24,10.055022,1,1,5000.000000000005,10.331242,0.421,0.421,False,5.890117,196,TRAIN,cont_threshold_s000,cont_threshold,1367864806,224,0
P02,2,11,0.1,0.24,6.383104,1,1,5000.000000000005,6.660858,0.421,0.421,False,10.331242,197,TRAIN,cont_threshold_s000,cont_threshold,1367864806,224,0
P02,2,12,0.1,0.24,-10.979782,-1,0,5000.000000000005,-10.702729,0.421,0.421,False,6.660858,198,TRAIN,cont_threshold_s000,cont_threshold,1367864806,224,0
P02,2,13,0.1,0.24,-15.366422,-1,0,5000.000000000005,-15.644181,0.421,0.421,False,-10.702729,199,TRAIN,cont_threshold_s000,cont_threshold,1367864806,224,0
P02,2,14,0.1,0.24,-6.780998,-1,0,5000.000000000005,-7.05877,0.421,0.421,False,-15.644181,200,TRAIN,cont_threshold_s000,cont_threshold,1367864806,224,0
P02,2,15,0.1,0.24,-8.513254,-1,0,5000.000000000005,-8.790543,0.421,0.421,False,-7.05877,201,TRAIN,cont_threshold_s000,cont_threshold,1367864806,224,0
P02,2,16,0.1,0.24,3.423095,1,1,5000.000000000005,3.145408,0.461,0.461,False,-8.790543,202,TRAIN,cont_threshold_s000,cont_threshold,1367864806,224,0
P02,2,17,0.1,0.24,8.059439,1,1,5000.000000000005,8.314023,0.461,0.461,False,3.145408,203,TRAIN,cont_threshold_s000,cont_threshold,1367864806,224,0
P02,2,18,0.1,0.24,6.095162,1,1,5000.000000000005,6.372796,0.451,0.451,False,8.314023,204,TRAIN,cont_threshold_s000,cont_threshold,1367864806,224,0
P02,2,19,0.1,0.24,7.914599,1,1,5000.000000000005,8.191413,0.451,0.451,False,6.372796,205,TRAIN,cont_threshold_s000,cont_threshold,1367864806,224,0
P02,2,20,0.1,0.24,-9.348369,-1,0,5000.000000000005,-9.070753,0.451,0.451,False,8.191413,206,TRAIN,cont_threshold_s000,cont_threshold,1367864806,224,0
P02,2,21,0.1,0.24,-8.788025,-1,0,5000.000000000005,-9.065733,0.451,0.451,False,-9.070753,207,TRAIN,cont_threshold_s000,cont_threshold,1367864806,224,0
P02,2,22,0.1,0.24,-11.947498,-1,0,5000.000000000005,-12.225205,0.451,0.451,False,-9.065733,208,TRAIN,cont_threshold_s000,cont_threshold,1367864806,224,0
P02,2,23,0.1,0.24,-5.721877,-1,0,5000.000000000005,-5.999647,0.451,0.451,False,-12.225205,209,TRAIN,cont_threshold_s000,cont_threshold,1367864806,224,0
P02,2,24,0.1,0.24,-9.805228,-1,0,5000.000000000005,-10.081609,0.451,0.451,False,-5.999647,210,TRAIN,cont_threshold_s000,cont_threshold,1367864806,224,0
P02,2,25,0.1,0.24,-11.291953,-1,0,5000.000000000005,-11.569702,0.451,0.451,False,-10.081609,211,TRAIN,cont_threshold_s000,cont_threshold,1367864806,224,0
P02,2,26,0.1,0.24,-4.281487,-1,0,5000.000000000005,-4.559254,0.441,0.441,False,-11.569702,212,TRAIN,cont_threshold_s000,cont_threshold,1367864806,224,0
P02,2,27,0.1,0.24,-11.069952,-1,0,5000.000000000005,-11.341897,0.441,0.441,False,-4.559254,213,TRAIN,cont_threshold_s000,cont_threshold,1367864806,224,0
P02,2,28,0.1,0.24,-11.607113,-1,0,5000.000000000005,-11.884878,0.441,0.441,False,-11.341897,214,TRAIN,cont_threshold_s000,cont_threshold,1367864806,224,0
P02,2,29,0.1,0.24,-9.296578,-1,0,5000.000000000005,-9.574347,0.441,0.441,False,-11.884878,215,TRAIN,cont_threshold_s000,cont_threshold,1367864806,224,0
P02,2,30,0.1,0.24,8.612987,1,1,5000.000000000005,8.335254,0.441,0.441,False,-9.574347,216,TRAIN,cont_threshold_s000,cont_threshold,1367864806,224,0
P02,2,31,0.1,0.24,7.622522,1,1,5000.000000000005,7.900159,0.441,0.441,False,8.335254,217,TEST,cont_threshold_s000,cont_threshold,1367864806,224,0
P02,2,32,0.1,0.24,6.262905,1,1,5000.000000000005,6.540469,0.441,0.441,False,7.900159,218,TEST,cont_threshold_s000,cont_threshold,1367864806,224,0
P02,2,33,0.1,0.24,9.072678,1,1,5000.000000000005,9.349639,0.441,0.441,False,6.540469,219,TEST,cont_threshold_s000,cont_threshold,1367864806,224,0
P02,2,34,0.1,0.24,4.595784,1,1,5000.000000000005,4.873507,0.431,0.431,False,9.349639,220,TEST,cont_threshold_s000,cont_threshold,1367864806,224,0
P02,2,35,0.1,0.24,15.625,1,1,5000.000000000005,15.898503,0.431,0.431,False,4.873507,221,TEST,cont_threshold_s000,cont_threshold,1367864806,224,0
P02,2,36,0.1,0.24,10.329063,1,1,5000.000000000005,10.606835,0.431,0.431,False,15.898503,222,TEST,cont_threshold_s000,cont_threshold,1367864806,224,0
P02,2,37,0.1,0.24,6.535615,1,1,5000.000000000005,6.813374,0.431,0.431,False,10.606835,223,TEST,cont_threshold_s000,cont_threshold,1367864806,224,0
P02,2,38,0.1,0.24,6.901297,1,1,5000.000000000005,7.178452,0.431,0.431,False,6.813374,224,TEST,cont_threshold_s000,cont_threshold,1367864806,224,0
P02,2,39,0.1,0.24,11.92308,1,1,5000.000000000005,12.200424,0.431,0.431,False,7.178452,225,TEST,cont_threshold_s000,cont_threshold,1367864806,224,0
P02,2,40,0.1,0.24,14.186855,1,1,5000.000000000005,14.464625,0.431,0.431,False,12.200424,226,TEST,cont_threshold_s000,cont_threshold,1367864806,224,0
P02,3,1,0.05,0.24,7.320388,1,1,941.0000000000007,7.320388,0.001,0.001,True,0.0,227,TRAIN,cont_threshold_s000,cont_threshold,1367864806,224,0
P02,3,2,0.05,0.24,9.881781,1,1,952.0000000000007,11.027113,0.001,0.001,False,7.320388,228,TRAIN,cont_threshold_s000,cont_threshold,1367864806,224,0
P02,3,3,0.05,0.24,9.708622,1,1,906.0000000000007,10.855781,0.001,0.001,False,11.027113,229,TRAIN,cont_threshold_s000,cont_threshold,1367864806,224,0
P02,3,4,0.05,0.24,8.255692,1,1,906.0000000000007,9.402842,0.001,0.001,False,10.855781,230,TRAIN,cont_threshold_s000,cont_threshold,1367864806,224,0
P02,3,5,0.05,0.24,4.782997,1,1,1822.99999999991,5.929968,0.001,0.001,False,9.402842,231,TRAIN,cont_threshold_s000,cont_threshold,1367864806,224,0
P02,3,6,0.05,0.24,8.301397,1,1,938.0000000000007,9.441108,0.001,0.001,False,5.929968,232,TRAIN,cont_threshold_s000,cont_threshold,1367864806,224,0
P02,3,7,0.05,0.24,3.622081,1,1,2985.999999999782,4.769061,0.001,0.001,False,9.441108,233,TRAIN,cont_threshold_s000,cont_threshold,1367864806,224,0
P02,3,8,0.05,0.24,8.656576,1,1,906.0000000000007,9.780091,0.001,0.001,False,4.769061,234,TRAIN,cont_threshold_s000,cont_threshold,1367864806,224,0
P02,3,9,0.05,0.24,7.994141,1,1,1202.9999999999784,9.141186,0.001,0.001,False,9.780091,235,TRAIN,cont_threshold_s000,cont_threshold,1367864806,224,0
P02,3,10,0.05,0.24,5.590567,1,1,932.0000000000007,6.737468,0.001,0.001,False,9.141186,236,TRAIN,cont_threshold_s000,cont_threshold,1367864806,224,0
P02,3,11,0.05,0.24,3.232216,1,1,1124.9999999999868,4.37607,0.001,0.001,False,6.737468,237,TRAIN,cont_threshold_s000,cont_threshold,1367864806,224,0
P02,3,12,0.05,0.24,8.559298,1,1,1054.9999999999945,9.671649,0.001,0.001,False,4.37607,238,TRAIN,cont_threshold_s000,cont_threshold,1367864806,224,0
P02,3,13,0.05,0.24,12.527365,1,1,906.0000000000007,13.674392,0.001,0.001,False,9.671649,239,TRAIN,cont_threshold_s000,cont_threshold,1367864806,224,0
P02,3,14,0.05,0.24,11.657754,1,1,1001.0000000000006,12.804956,0.001,0.001,False,13.674392,240,TRAIN,cont_threshold_s000,cont_threshold,1367864806,224,0
P02,3,15,0.05,0.24,10.79737,1,1,942.0000000000007,11.944567,0.001,0.001,False,12.804956,241,TRAIN,cont_threshold_s000,cont_threshold,1367864806,224,0
P02,3,16,0.05,0.24,1.185466,1,1,2110.9999999998786,2.332653,0.001,0.001,False,11.944567,242,TRAIN,cont_threshold_s000,cont_threshold,1367864806,224,0
P02,3,17,0.05,0.24,6.625665,1,1,1029.9999999999973,7.536546,0.001,0.001,False,2.332653,243,TRAIN,cont_threshold_s000,cont_threshold,1367864806,224,0
P02,3,18,0.05,0.24,6.86975,1,1,906.0000000000007,8.015446,0.001,0.001,False,7.536546,244,TRAIN,cont_threshold_s000,cont_threshold,1367864806,224,0
P02,3,19,0.05,0.24,4.310758,1,1,1915.9999999998997,5.457028,0.001,0.001,False,8.015446,245,TRAIN,cont_threshold_s000,cont_threshold,1367864806,224,0
P02,3,20,0.05,0.24,7.629487,1,1,1016.9999999999987,8.764699,0.001,0.001,False,5.457028,246,TRAIN,cont_threshold_s000,cont_threshold,1367864806,224,0
P02,3,21,0.05,0.24,12.576009,1,1,945.0000000000007,13.722772,0.001,0.001,False,8.764699,247,TRAIN,cont_threshold_s000,cont_threshold,1367864806,224,0
P02,3,22,0.05,0.24,6.026166,1,1,1305.999999999967,7.173367,0.001,0.001,False,13.722772,248,TRAIN,cont_threshold_s000,cont_threshold,1367864806,224,0
P02,3,23,0.05,0.24,-2.645852,-1,1,5000.000000000005,-1.500816,0.291,0.291,False,7.173367,249,TRAIN,cont_threshold_s000,cont_threshold,1367864806,224,0
P02,3,24,0.05,0.24,10.345385,1,1,5000.000000000005,9.661674,0.291,0.291,False,-1.500816,250,TRAIN,cont_threshold_s000,cont_threshold,1367864806,224,0
P02,3,25,0.05,0.24,13.923533,1,1,5000.000000000005,15.070558,0.291,0.291,False,9.661674,251,TRAIN,cont_threshold_s000,cont_threshold,1367864806,224,0
P02,3,26,0.05,0.24,5.015357,1,1,5000.000000000005,6.162562,0.281,0.281,False,15.070558,252,TRAIN,cont_threshold_s000,cont_threshold,1367864806,224,0
P02,3,27,0.05,0.24,4.501161,1,1,5000.000000000005,5.642421,0.281,0.281,False,6.162562,253,TRAIN,cont_threshold_s000,cont_threshold,1367864806,224,0
P02,3,28,0.05,0.24,9.564834,1,1,5000.000000000005,10.702063,0.281,0.281,False,5.642421,254,TRAIN,cont_threshold_s000,cont_threshold,1367864806,224,0
P02,3,29,0.05,0.24,6.777808,1,1,5000.000000000005,7.924949,0.281,0.281,False,10.702063,255,TRAIN,cont_threshold_s000,cont_threshold,1367864806,224,0
P02,3,30,0.05,0.24,9.459146,1,1,5000.000000000005,10.605327,0.281,0.281,False,7.924949,256,TRAIN,cont_threshold_s000,cont_threshold,1367864806,224,0
P02,3,31,0.05,0.24,-7.868525,-1,0,5000.000000000005,-6.72139,0.281,0.281,False,10.605327,257,TEST,cont_threshold_s000,cont_threshold,1367864806,224,0
P02,3,32,0.05,0.24,10.199569,1,1,5000.000000000005,9.055769,0.281,0.281,False,-6.72139,258,TEST,cont_threshold_s000,cont_threshold,1367864806,224,0
P02,3,33,0.05,0.24,12.131824,1,1,5000.000000000005,13.278698,0.281,0.281,False,9.055769,259,TEST,cont_threshold_s000,cont_threshold,1367864806,224,0
P02,3,34,0.05,0.24,6.71334,1,1,5000.000000000005,7.86054,0.281,0.281,False,13.278698,260,TEST,cont_threshold_s000,cont_threshold,1367864806,224,0
P02,3,35,0.05,0.24,13.557009,1,1,5000.000000000005,14.703122,0.281,0.281,False,7.86054,261,TEST,cont_threshold_s000,cont_threshold,1367864806,224,0
P02,3,36,0.05,0.24,9.419999,1,1,5000.000000000005,10.567203,0.281,0.281,False,14.703122,262,TEST,cont_threshold_s000,cont_threshold,1367864806,224,0
P02,3,37,0.05,0.24,12.881156,1,1,5000.000000000005,14.028288,0.281,0.281,False,10.567203,263,TEST,cont_threshold_s000,cont_threshold,1367864806,224,0
P02,3,38,0.05,0.24,11.761599,1,1,5000.000000000005,12.908801,0.281,0.281,False,14.028288,264,TEST,cont_threshold_s000,cont_threshold,1367864806,224,0
P02,3,39,0.05,0.24,1.527142,1,1,5000.000000000005,2.67434,0.241,0.241,False,12.908801,265,TEST,cont_threshold_s000,cont_threshold,1367864806,224,0
P02,3,40,0.05,0.24,10.825466,1,1,5000.000000000005,11.797811,0.241,0.241,False,2.67434,266,TEST,cont_threshold_s000,cont_threshold,1367864806,224,0
P02,4,1,0.3,0.24,-14.304465,-1,0,906.0000000000007,-14.304465,0.001,0.001,True,0.0,267,TRAIN,cont_threshold_s000,cont_threshold,1367864806,224,0
P02,4,2,0.3,0.24,-8.265654,-1,0,1463.9999999999495,-7.938774,0.001,0.001,False,-14.304465,268,TRAIN,cont_threshold_s000,cont_threshold,1367864806,224,0
P02,4,3,0.3,0.24,-10.078384,-1,0,967.0000000000008,-9.751741,0.001,0.001,False,-7.938774,269,TRAIN,cont_threshold_s000,cont_threshold,1367864806,224,0
P02,4,4,0.3,0.24,-11.813207,-1,0,1146.9999999999845,-11.486366,0.001,0.001,False,-9.751741,270,TRAIN,cont_threshold_s000,cont_threshold,1367864806,224,0
P02,4,5,0.3,0.24,-11.410444,-1,0,906.0000000000007,-11.083571,0.001,0.001,False,-11.486366,271,TRAIN,cont_threshold_s000,cont_threshold,1367864806,224,0
P02,4,6,0.3,0.24,-5.831295,-1,0,1156.9999999999834,-5.504425,0.001,0.001,False,-11.083571,272,TRAIN,cont_threshold_s000,cont_threshold,1367864806,224,0
P02,4,7,0.3,0.24,-15.217564,-1,0,965.0000000000008,-14.89338,0.001,0.001,False,-5.504425,273,TRAIN,cont_threshold_s000,cont_threshold,1367864806,224,0
P02,4,8,0.3,0.24,-8.327514,-1,0,906.0000000000007,-8.000634,0.001,0.001,False,-14.89338,274,TRAIN,cont_threshold_s000,cont_threshold,1367864806,224,0
P02,4,9,0.3,0.24,-15.625,-1,0,906.0000000000007,-15.298343,0.001,0.001,False,-8.000634,275,TRAIN,cont_threshold_s000,cont_threshold,1367864806,224,0
P02,4,10,0.3,0.24,-15.625,-1,0,906.0000000000007,-15.29812,0.001,0.001,False,-15.298343,276,TRAIN,cont_threshold_s000,cont_threshold,1367864806,224,0
P02,4,11,0.3,0.24,-13.227271,-1,0,1035.9999999999966,-12.900392,0.001,0.001,False,-15.29812,277,TRAIN,cont_threshold_s000,cont_threshold,1367864806,224,0
P02,4,12,0.3,0.24,-10.268798,-1,0,908.0000000000007,-9.94192,0.001,0.001,False,-12.900392,278,TRAIN,cont_threshold_s000,cont_threshold,1367864806,224,0
P02,4,13,0.3,0.24,10.65242,1,1,5000.000000000005,10.979268,0.071,0.071,False,-9.94192,279,TRAIN,cont_threshold_s000,cont_threshold,1367864806,224,0
P02,4,14,0.3,0.24,12.426453,1,1,5000.000000000005,12.099584,0.071,0.071,False,10.979268,280,TRAIN,cont_threshold_s000,cont_threshold,1367864806,224,0
P02,4,15,0.3,0.24,10.020247,1,1,5000.000000000005,9.693371,0.071,0.071,False,12.099584,281,TRAIN,cont_threshold_s000,cont_threshold,1367864806,224,0
P02,4,16,0.3,0.24,14.827992,1,1,5000.000000000005,14.501153,0.071,0.071,False,9.693371,282,TRAIN,cont_threshold_s000,cont_threshold,1367864806,224,0
P02,4,17,0.3,0.24,5.498198,1,1,5000.000000000005,5.171318,0.051,0.051,False,14.501153,283,TRAIN,cont_threshold_s000,cont_threshold,1367864806,224,0
P02,4,18,0.3,0.24,-8.12593,-1,0,5000.000000000005,-8.449055,0.171,0.171,False,5.171318,284,TRAIN,cont_threshold_s000,cont_threshold,1367864806,224,0
P02,4,19,0.3,0.24,8.593747,1,1,5000.000000000005,8.920485,0.201,0.201,False,-8.449055,285,TRAIN,cont_threshold_s000,cont_threshold,1367864806,224,0
P02,4,20,0.3,0.24,10.84706,1,1,5000.000000000005,10.520269,0.201,0.201,False,8.920485,286,TRAIN,cont_threshold_s000,cont_threshold,1367864806,224,0
P02,4,21,0.3,0.24,4.36139,1,1,5000.000000000005,4.034528,0.131,0.131,False,10.520269,287,TRAIN,cont_threshold_s000,cont_threshold,1367864806,224,0
P02,4,22,0.3,0.24,7.468522,1,1,5000.000000000005,7.153201,0.131,0.131,False,4.034528,288,TRAIN,cont_threshold_s000,cont_threshold,1367864806,224,0
P02,4,23,0.3,0.24,-8.804827,-1,0,5000.000000000005,-9.131187,0.151,0.151,False,7.153201,289,TRAIN,cont_threshold_s000,cont_threshold,1367864806,224,0
P02,4,24,0.3,0.24,-2.273838,-1,0,5000.000000000005,-1.94703,0.071,0.071,False,-9.131187,290,TRAIN,cont_threshold_s000,cont_threshold,1367864806,224,0
P02,4,25,0.3,0.24,13.239772,1,1,5000.000000000005,13.484059,0.071,0.071,False,-1.94703,291,TRAIN,cont_threshold_s000,cont_threshold,1367864806,224,0
P02,4,26,0.3,0.24,-9.608902,-1,0,5000.000000000005,-9.935781,0.071,0.071,False,13.484059,292,TRAIN,cont_threshold_s000,cont_threshold,1367864806,224,0
P02,4,27,0.3,0.24,-5.82178,-1,0,5000.000000000005,-5.494933,0.071,0.071,False,-9.935781,293,TRAIN,cont_threshold_s000,cont_threshold,1367864806,224,0
P02,4,28,0.3,0.24,-13.581575,-1,0,5000.000000000005,-13.257416,0.071,0.071,False,-5.494933,294,TRAIN,cont_threshold_s000,cont_threshold,1367864806,224,0
P02,4,29,0.3,0.24,-10.101998,-1,0,5000.000000000005,-9.775119,0.071,0.071,False,-13.257416,295,TRAIN,cont_threshold_s000,cont_threshold,1367864806,224,0
P02,4,30,0.3,0.24,7.490093,1,1,5000.000000000005,7.816935,0.091,0.091,False,-9.775119,296,TRAIN,cont_threshold_s000,cont_threshold,1367864806,224,0
P02,4,31,0.3,0.24,-1.322319,-1,1,5000.000000000005,-1.64893,0.581,0.581,False,7.816935,297,TEST,cont_threshold_s000,cont_threshold,1367864806,224,0
P02,4,32,0.3,0.24,6.233863,1,1,5000.000000000005,6.454258,0.581,0.581,False,-1.64893,298,TEST,cont_threshold_s000,cont_threshold,1367864806,224,0
P02,4,33,0.3,0.24,6.739776,1,1,5000.000000000005,6.413942,0.581,0.581,False,6.454258,299,TEST,cont_threshold_s000,cont_threshold,1367864806,224,0
P02,4,34,0.3,0.24,14.361592,1,1,5000.000000000005,14.035801,0.581,0.581,False,6.413942,300,TEST,cont_threshold_s000,cont_threshold,1367864806,224,0
P02,4,35,0.3,0.24,9.924287,1,1,5000.000000000005,9.597408,0.581,0.581,False,14.035801,301,TEST,cont_threshold_s000,cont_threshold,1367864806,224,0
P02,4,36,0.3,0.24,9.683776,1,1,5000.000000000005,9.356941,0.581,0.581,False,9.597408,302,TEST,cont_threshold_s000,cont_threshold,1367864806,224,0
P02,4,37,0.3,0.24,5.369967,1,1,5000.000000000005,5.043145,0.581,0.581,False,9.356941,303,TEST,cont_threshold_s000,cont_threshold,1367864806,224,0
P02,4,38,0.3,0.24,8.737786,1,1,5000.000000000005,8.415171,0.581,0.581,False,5.043145,304,TEST,cont_threshold_s000,cont_threshold,1367864806,224,0
P02,4,39,0.3,0.24,12.787129,1,1,5000.000000000005,12.460396,0.581,0.581,False,8.415171,305,TEST,cont_threshold_s000,cont_threshold,1367864806,224,0
P02,4,40,0.3,0.24,9.278616,1,1,5000.000000000005,8.951739,0.581,0.581,False,12.460396,306,TEST,cont_threshold_s000,cont_threshold,1367864806,224,0
P03,1,1,0.05,0.24,-4.369228,-1,0,3257.999999999752,-4.369228,0.001,0.001,True,0.0,307,TRAIN,cont_threshold_s000,cont_threshold,1367864806,224,0
P03,1,2,0.05,0.24,-11.858386,-1,0,1723.9999999999209,-14.96763,0.001,0.001,False,-4.369228,308,TRAIN,cont_threshold_s000,cont_threshold,1367864806,224,0
P03,1,3,0.05,0.24,-12.604174,-1,0,1392.9999999999575,-16.046441,0.001,0.001,False,-14.96763,309,TRAIN,cont_threshold_s000,cont_threshold,1367864806,224,0
P03,1,4,0.05,0.24,-6.761088,-1,0,1412.9999999999552,-10.203362,0.001,0.001,False,-16.046441,310,TRAIN,cont_threshold_s000,cont_threshold,1367864806,224,0
P03,1,5,0.05,0.24,-6.696168,-1,0,906.0000000000007,-10.137289,0.001,0.001,False,-10.203362,311,TRAIN,cont_threshold_s000,cont_threshold,1367864806,224,0
P03,1,6,0.05,0.24,-10.75467,-1,0,1037.9999999999966,-14.195713,0.001,0.001,False,-10.137289,312,TRAIN,cont_threshold_s000,cont_threshold,1367864806,224,0
P03,1,7,0.05,0.24,-6.443653,-1,0,1732.99999999992,-9.885909,0.001,0.001,False,-14.195713,313,TRAIN,cont_threshold_s000,cont_threshold,1367864806,224,0
P03,1,8,0.05,0.24,-9.016778,-1,0,2611.9999999998236,-12.457467,0.001,0.001,False,-9.885909,314,TRAIN,cont_threshold_s000,cont_threshold,1367864806,224,0
P03,1,9,0.05,0.24,-4.445983,-1,0,1532.999999999942,-7.888139,0.001,0.001,False,-12.457467,315,TRAIN,cont_threshold_s000,cont_threshold,1367864806,224,0
P03,1,10,0.05,0.24,-15.582326,-1,0,906.0000000000007,-19.012957,0.001,0.001,False,-7.888139,316,TRAIN,cont_threshold_s000,cont_threshold,1367864806,224,0
P03,1,11,0.05,0.24,12.933866,1,1,5000.000000000005,9.491589,0.011,0.011,False,-19.012957,317,TRAIN,cont_threshold_s000,cont_threshold,1367864806,224,0
P03,1,12,0.05,0.24,-10.498678,-1,0,5000.000000000005,-7.058755,0.041,0.041,False,9.491589,318,TRAIN,cont_threshold_s000,cont_threshold,1367864806,224,0
P03,1,13,0.05,0.24,-13.399332,-1,0,5000.000000000005,-16.815115,0.041,0.041,False,-7.058755,319,TRAIN,cont_threshold_s000,cont_threshold,1367864806,224,0
P03,1,14,0.05,0.24,1.138615,1,1,4883.999999999965,-2.303661,0.001,0.001,False,-16.815115,320,TRAIN,cont_threshold_s000,cont_threshold,1367864806,224,0
P03,1,15,0.05,0.24,7.277424,1,1,5000.000000000005,5.248402,0.011,0.011,False,-2.303661,321,TRAIN,cont_threshold_s000,cont_threshold,1367864806,224,0
P03,1,16,0.05,0.24,2.594768,1,1,5000.000000000005,5.885103,0.011,0.011,False,5.248402,322,TRAIN,cont_threshold_s000,cont_threshold,1367864806,224,0
P03,1,17,0.05,0.24,8.842218,1,1,5000.000000000005,12.201241,0.011,0.011,False,5.885103,323,TRAIN,cont_threshold_s000,cont_threshold,1367864806,224,0
P03,1,18,0.05,0.24,-7.622578,-1,0,3721.9999999997012,-4.180458,0.001,0.001,False,12.201241,324,TRAIN,cont_threshold_s000,cont_threshold,1367864806,224,0
P03,1,19,0.05,0.24,-5.142624,-1,0,2212.999999999867,-8.194713,0.001,0.001,False,-4.180458,325,TRAIN,cont_threshold_s000,cont_threshold,1367864806,224,0
P03,1,20,0.05,0.24,-9.703624,-1,0,996.0000000000008,-13.137316,0.001,0.001,False,-8.194713,326,TRAIN,cont_threshold_s000,cont_threshold,1367864806,224,0
P03,1,21,0.05,0.24,-13.07453,-1,0,1635.9999999999307,-16.516746,0.001,0.001,False,-13.137316,327,TRAIN,cont_threshold_s000,cont_threshold,1367864806,224,0
P03,1,22,0.05,0.24,-6.187045,-1,0,1557.9999999999393,-9.62932,0.001,0.001,False,-16.516746,328,TRAIN,cont_threshold_s000,cont_threshold,1367864806,224,0
P03,1,23,0.05,0.24,-4.360404,-1,0,3394.999999999737,-7.80063,0.001,0.001,False,-9.62932,329,TRAIN,cont_threshold_s000,cont_threshold,1367864806,224,0
P03,1,24,0.05,0.24,-4.931539,-1,0,1703.9999999999231,-8.361112,0.001,0.001,False,-7.80063,330,TRAIN,cont_threshold_s000,cont_threshold,1367864806,224,0
P03,1,25,0.05,0.24,-12.22373,-1,0,1539.999999999941,-15.658733,0.001,0.001,False,-8.361112,331,TRAIN,cont_threshold_s000,cont_threshold,1367864806,224,0
P03,1,26,0.05,0.24,-10.925936,-1,0,1843.9999999999077,-14.368208,0.001,0.001,False,-15.658733,332,TRAIN,cont_threshold_s000,cont_threshold,1367864806,224,0
P03,1,27,0.05,0.24,-9.550095,-1,0,1374.9999999999593,-12.992354,0.001,0.001,False,-14.368208,333,TRAIN,cont_threshold_s000,cont_threshold,1367864806,224,0
P03,1,28,0.05,0.24,1.400417,1,0,5000.000000000005,-2.041789,0.011,0.011,False,-12.992354,334,TRAIN,cont_threshold_s000,cont_threshold,1367864806,224,0
P03,1,29,0.05,0.24,-6.089533,-1,0,5000.000000000005,-7.915146,0.011,0.011,False,-2.041789,335,TRAIN,cont_threshold_s000,cont_threshold,1367864806,224,0
P03,1,30,0.05,0.24,11.432953,1,1,5000.000000000005,8.002013,0.011,0.011,False,-7.915146,336,TRAIN,cont_threshold_s000,cont_threshold,1367864806,224,0
P03,1,31,0.05,0.24,-5.256714,-1,0,5000.000000000005,-1.824836,0.031,0.031,False,8.002013,337,TEST,cont_threshold_s000,cont_threshold,1367864806,224,0
P03,1,32,0.05,0.24,-12.272212,-1,0,5000.000000000005,-13.921201,0.031,0.031,False,-1.824836,338,TEST,cont_threshold_s000,cont_threshold,1367864806,224,0
P03,1,33,0.05,0.24,-4.186203,-1,0,5000.000000000005,-7.628452,0.031,0.031,False,-13.921201,339,TEST,cont_threshold_s000,cont_threshold,1367864806,224,0
P03,1,34,0.05,0.24,-10.443104,-1,0,5000.000000000005,-13.870307,0.031,0.031,False,-7.628452,340,TEST,cont_threshold_s000,cont_threshold,1367864806,224,0
P03,1,35,0.05,0.24,-14.485509,-1,0,5000.000000000005,-17.927757,0.031,0.031,False,-13.870307,341,TEST,cont_threshold_s000,cont_threshold,1367864806,224,0
P03,1,36,0.05,0.24,-4.746216,-1,0,5000.000000000005,-8.188493,0.031,0.031,False,-17.927757,342,TEST,cont_threshold_s000,cont_threshold,1367864806,224,0
P03,1,37,0.05,0.24,-10.598072,-1,0,5000.000000000005,-14.031711,0.031,0.031,False,-8.188493,343,TEST,cont_threshold_s000,cont_threshold,1367864806,224,0
P03,1,38,0.05,0.24,-7.956457,-1,0,5000.000000000005,-11.398709,0.031,0.031,False,-14.031711,344,TEST,cont_threshold_s000,cont_threshold,1367864806,224,0
P03,1,39,0.05,0.24,-3.536125,-1,0,5000.000000000005,-6.978052,0.031,0.031,False,-11.398709,345,TEST,cont_threshold_s000,cont_threshold,1367864806,224,0
P03,1,40,0.05,0.24,-4.866495,-1,0,5000.000000000005,-8.280082,0.031,0.031,False,-6.978052,346,TEST,cont_threshold_s000,cont_threshold,1367864806,224,0
P03,2,1,0.3,0.24,10.546423,1,1,906.0000000000007,10.546423,0.001,0.001,True,0.0,347,TRAIN,cont_threshold_s000,cont_threshold,1367864806,224,0
P03,2,2,0.3,0.24,4.185889,1,1,906.0000000000007,4.141884,0.001,0.001,False,10.546423,348,TRAIN,cont_threshold_s000,cont_threshold,1367864806,224,0
P03,2,3,0.3,0.24,6.565596,1,1,906.0000000000007,6.522967,0.001,0.001,False,4.141884,349,TRAIN,cont_threshold_s000,cont_threshold,1367864806,224,0
P03,2,4,0.3,0.24,6.321279,1,1,906.0000000000007,6.277401,0.001,0.001,False,6.522967,350,TRAIN,cont_threshold_s000,cont_threshold,1367864806,224,0
P03,2,5,0.3,0.24,5.785744,1,1,906.0000000000007,5.741902,0.001,0.001,False,6.277401,351,TRAIN,cont_threshold_s000,cont_threshold,1367864806,224,0
P03,2,6,0.3,0.24,-1.486485,-1,0,5000.000000000005,-1.53021,0.761,0.761,False,5.741902,352,TRAIN,cont_threshold_s000,cont_threshold,1367864806,224,0
P03,2,7,0.3,0.24,13.545778,1,1,5000.000000000005,13.574119,0.761,0.761,False,-1.53021,353,TRAIN,cont_threshold_s000,cont_threshold,1367864806,224,0
P03,2,8,0.3,0.24,2.785248,1,1,5000.000000000005,2.741241,0.611,0.611,False,13.574119,354,TRAIN,cont_threshold_s000,cont_threshold,1367864806,224,0
P03,2,9,0.3,0.24,5.800753,1,1,5000.000000000005,5.76208,0.611,0.611,False,2.741241,355,TRAIN,cont_threshold_s000,cont_threshold,1367864806,224,0
P03,2,10,0.3,0.24,-8.05797,-1,0,5000.000000000005,-8.101701,0.611,0.611,False,5.76208,356,TRAIN,cont_threshold_s000,cont_threshold,1367864806,224,0
P03,2,11,0.3,0.24,9.636888,1,1,5000.000000000005,9.680869,0.611,0.611,False,-8.101701,357,TRAIN,cont_threshold_s000,cont_threshold,1367864806,224,0
P03,2,12,0.3,0.24,-8.289551,-1,0,5000.000000000005,-8.333552,0.611,0.611,False,9.680869,358,TRAIN,cont_threshold_s000,cont_threshold,1367864806,224,0
P03,2,13,0.3,0.24,-1.573824,-1,0,5000.000000000005,-1.529838,0.451,0.451,False,-8.333552,359,TRAIN,cont_threshold_s000,cont_threshold,1367864806,224,0
P03,2,14,0.3,0.24,-5.632063,-1,0,5000.000000000005,-5.603726,0.451,0.451,False,-1.529838,360,TRAIN,cont_threshold_s000,cont_threshold,1367864806,224,0
P03,2,15,0.3,0.24,-11.883773,-1,0,5000.000000000005,-11.840089,0.451,0.451,False,-5.603726,361,TRAIN,cont_threshold_s000,cont_threshold,1367864806,224,0
P03,2,16,0.3,0.24,5.407289,1,1,5000.000000000005,5.451295,0.451,0.451,False,-11.840089,362,TRAIN,cont_threshold_s000,cont_threshold,1367864806,224,0
P03,2,17,0.3,0.24,-9.8203,-1,0,5000.000000000005,-9.863931,0.451,0.451,False,5.451295,363,TRAIN,cont_threshold_s000,cont_threshold,1367864806,224,0
P03,2,18,0.3,0.24,10.189343,1,1,5000.000000000005,10.233345,0.451,0.451,False,-9.863931,364,TRAIN,cont_threshold_s000,cont_threshold,1367864806,224,0
P03,2,19,0.3,0.24,-6.115493,-1,0,5000.000000000005,-6.159497,0.461,0.461,False,10.233345,365,TRAIN,cont_threshold_s000,cont_threshold,1367864806,224,0
P03,2,20,0.3,0.24,-4.416879,-1,0,5000.000000000005,-4.373057,0.451,0.451,False,-6.159497,366,TRAIN,cont_threshold_s000,cont_threshold,1367864806,224,0
P03,2,21,0.3,0.24,-6.272916,-1,0,5000.000000000005,-6.230006,0.451,0.451,False,-4.373057,367,TRAIN,cont_threshold_s000,cont_threshold,1367864806,224,0
P03,2,22,0.3,0.24,-0.946114,-1,0,5000.000000000005,-0.90228,0.341,0.341,False,-6.230006,368,TRAIN,cont_threshold_s000,cont_threshold,1367864806,224,0
P03,2,23,0.3,0.24,-9.156891,-1,0,5000.000000000005,-9.138285,0.511,0.511,False,-0.90228,369,TRAIN,cont_threshold_s000,cont_threshold,1367864806,224,0
P03,2,24,0.3,0.24,-8.968294,-1,0,5000.000000000005,-8.924297,0.511,0.511,False,-9.138285,370,TRAIN,cont_threshold_s000,cont_threshold,1367864806,224,0
P03,2,25,0.3,0.24,-9.862473,-1,0,5000.000000000005,-9.818477,0.511,0.511,False,-8.924297,371,TRAIN,cont_threshold_s000,cont_threshold,1367864806,224,0
P03,2,26,0.3,0.24,8.606987,1,1,5000.000000000005,8.650989,0.511,0.511,False,-9.818477,372,TRAIN,cont_threshold_s000,cont_threshold,1367864806,224,0
P03,2,27,0.3,0.24,-6.379015,-1,0,5000.000000000005,-6.423007,0.511,0.511,False,8.650989,373,TRAIN,cont_threshold_s000,cont_threshold,1367864806,224,0
P03,2,28,0.3,0.24,-9.780321,-1,0,5000.000000000005,-9.736456,0.511,0.511,False,-6.423007,374,TRAIN,cont_threshold_s000,cont_threshold,1367864806,224,0
P03,2,29,0.3,0.24,-5.458357,-1,0,5000.000000000005,-5.414355,0.511,0.511,False,-9.736456,375,TRAIN,cont_threshold_s000,cont_threshold,1367864806,224,0
P03,2,30,0.3,0.24,-13.491708,-1,0,5000.000000000005,-13.448091,0.511,0.511,False,-5.414355,376,TRAIN,cont_threshold_s000,cont_threshold,1367864806,224,0
P03,2,31,0.3,0.24,-3.79513,-1,0,5000.000000000005,-3.751123,0.511,0.511,False,-13.448091,377,TEST,cont_threshold_s000,cont_threshold,1367864806,224,0
P03,2,32,0.3,0.24,10.299103,1,1,5000.000000000005,10.341089,0.511,0.511,False,-3.751123,378,TEST,cont_threshold_s000,cont_threshold,1367864806,224,0
P03,2,33,0.3,0.24,5.95158,1,1,5000.000000000005,5.907576,0.511,0.511,False,10.341089,379,TEST,cont_threshold_s000,cont_threshold,1367864806,224,0
P03,2,34,0.3,0.24,8.375251,1,1,5000.000000000005,8.331482,0.511,0.511,False,5.907576,380,TEST,cont_threshold_s000,cont_threshold,1367864806,224,0
P03,2,35,0.3,0.24,-14.873962,-1,0,5000.000000000005,-14.917948,0.511,0.511,False,8.331482,381,TEST,cont_threshold_s000,cont_threshold,1367864806,224,0
P03,2,36,0.3,0.24,-6.525957,-1,0,5000.000000000005,-6.48195,0.511,0.511,False,-14.917948,382,TEST,cont_threshold_s000,cont_threshold,1367864806,224,0
P03,2,37,0.3,0.24,-5.328047,-1,0,5000.000000000005,-5.284175,0.511,0.511,False,-6.48195,383,TEST,cont_threshold_s000,cont_threshold,1367864806,224,0
P03,2,38,0.3,0.24,-13.992276,-1,0,5000.000000000005,-13.948713,0.511,0.511,False,-5.284175,384,TEST,cont_threshold_s000,cont_threshold,1367864806,224,0
P03,2,39,0.3,0.24,-7.423839,-1,0,5000.000000000005,-7.379832,0.511,0.511,False,-13.948713,385,TEST,cont_threshold_s000,cont_threshold,1367864806,224,0
P03,2,40,0.3,0.24,-8.668375,-1,0,5000.000000000005,-8.624423,0.511,0.511,False,-7.379832,386,TEST,cont_threshold_s000,cont_threshold,1367864806,224,0
P03,3,1,0.1,0.24,-4.509215,-1,0,5000.000000000005,-4.509215,0.001,0.001,True,0.0,387,TRAIN,cont_threshold_s000,cont_threshold,1367864806,224,0
P03,3,2,0.1,0.24,-5.009497,-1,0,5000.000000000005,-8.820465,0.001,0.001,False,-4.509215,388,TRAIN,cont_threshold_s000,cont_threshold,1367864806,224,0
P03,3,3,0.1,0.24,-8.777015,-1,0,5000.000000000005,-13.262625,0.001,0.001,False,-8.820465,389,TRAIN,cont_threshold_s000,cont_threshold,1367864806,224,0
P03,3,4,0.1,0.24,-9.552681,-1,0,5000.000000000005,-14.051324,0.001,0.001,False,-13.262625,390,TRAIN,cont_threshold_s000,cont_threshold,1367864806,224,0
P03,3,5,0.1,0.24,-10.632237,-1,0,5000.000000000005,-15.130965,0.001,0.001,False,-14.051324,391,TRAIN,cont_threshold_s000,cont_threshold,1367864806,224,0
P03,3,6,0.1,0.24,-9.712358,-1,0,5000.000000000005,-14.211133,0.001,0.001,False,-15.130965,392,TRAIN,cont_threshold_s000,cont_threshold,1367864806,224,0
P03,3,7,0.1,0.24,-15.625,-1,0,1612.9999999999332,-20.123739,0.001,0.001,False,-14.211133,393,TRAIN,cont_threshold_s000,cont_threshold,1367864806,224,0
P03,3,8,0.1,0.24,-5.430824,-1,0,5000.000000000005,-9.929623,0.001,0.001,False,-20.123739,394,TRAIN,cont_threshold_s000,cont_threshold,1367864806,224,0
P03,3,9,0.1,0.24,-7.120969,-1,0,5000.000000000005,-11.615399,0.001,0.001,False,-9.929623,395,TRAIN,cont_threshold_s000,cont_threshold,1367864806,224,0
P03,3,10,0.1,0.24,-15.625,-1,0,2115.999999999878,-20.122988,0.001,0.001,False,-11.615399,396,TRAIN,cont_threshold_s000,cont_threshold,1367864806,224,0
P03,3,11,0.1,0.24,-15.625,-1,0,972.0000000000008,-20.123799,0.001,0.001,False,-20.122988,397,TRAIN,cont_threshold_s000,cont_threshold,1367864806,224,0
P03,3,12,0.1,0.24,-12.716759,-1,0,3261.9999999997517,-17.215557,0.001,0.001,False,-20.123799,398,TRAIN,cont_threshold_s000,cont_threshold,1367864806,224,0
P03,3,13,0.1,0.24,-7.518425,-1,0,5000.000000000005,-12.017221,0.001,0.001,False,-17.215557,399,TRAIN,cont_threshold_s000,cont_threshold,1367864806,224,0
P03,3,14,0.1,0.24,-14.890922,-1,0,2427.9999999998436,-19.389179,0.001,0.001,False,-12.017221,400,TRAIN,cont_threshold_s000,cont_threshold,1367864806,224,0
P03,3,15,0.1,0.24,-6.789761,-1,0,5000.000000000005,-11.28856,0.001,0.001,False,-19.389179,401,TRAIN,cont_threshold_s000,cont_threshold,1367864806,224,0
P03,3,16,0.1,0.24,-2.977017,-1,0,5000.000000000005,-7.474692,0.001,0.001,False,-11.28856,402,TRAIN,cont_threshold_s000,cont_threshold,1367864806,224,0
P03,3,17,0.1,0.24,-12.055302,-1,0,5000.000000000005,-16.504363,0.001,0.001,False,-7.474692,403,TRAIN,cont_threshold_s000,cont_threshold,1367864806,224,0
P03,3,18,0.1,0.24,-10.263682,-1,0,4648.999999999887,-14.762475,0.001,0.001,False,-16.504363,404,TRAIN,cont_threshold_s000,cont_threshold,1367864806,224,0
P03,3,19,0.1,0.24,9.54693,1,1,5000.000000000005,5.048166,0.031,0.031,False,-14.762475,405,TRAIN,cont_threshold_s000,cont_threshold,1367864806,224,0
P03,3,20,0.1,0.24,9.933285,1,1,5000.000000000005,13.976432,0.031,0.031,False,5.048166,406,TRAIN,cont_threshold_s000,cont_threshold,1367864806,224,0
P03,3,21,0.1,0.24,5.155407,1,1,5000.000000000005,9.65413,0.031,0.031,False,13.976432,407,TRAIN,cont_threshold_s000,cont_threshold,1367864806,224,0
P03,3,22,0.1,0.24,7.236577,1,1,5000.000000000005,11.729625,0.031,0.031,False,9.65413,408,TRAIN,cont_threshold_s000,cont_threshold,1367864806,224,0
P03,3,23,0.1,0.24,8.165405,1,1,5000.000000000005,12.66348,0.031,0.031,False,11.729625,409,TRAIN,cont_threshold_s000,cont_threshold,1367864806,224,0
P03,3,24,0.1,0.24,4.706404,1,1,5000.000000000005,9.204919,0.031,0.031,False,12.66348,410,TRAIN,cont_threshold_s000,cont_threshold,1367864806,224,0
P03,3,25,0.1,0.24,15.625,1,1,5000.000000000005,20.114801,0.031,0.031,False,9.204919,411,TRAIN,cont_threshold_s000,cont_threshold,1367864806,224,0
P03,3,26,0.1,0.24,15.625,1,1,5000.000000000005,20.123799,0.031,0.031,False,20.114801,412,TRAIN,cont_threshold_s000,cont_threshold,1367864806,224,0
P03,3,27,0.1,0.24,15.625,1,1,5000.000000000005,20.123799,0.031,0.031,False,20.123799,413,TRAIN,cont_threshold_s000,cont_threshold,1367864806,224,0
P03,3,28,0.1,0.24,-10.091931,-1,0,5000.000000000005,-5.593132,0.001,0.001,False,20.123799,414,TRAIN,cont_threshold_s000,cont_threshold,1367864806,224,0
P03,3,29,0.1,0.24,-10.733926,-1,0,5000.000000000005,-14.944013,0.001,0.001,False,-5.593132,415,TRAIN,cont_threshold_s000,cont_threshold,1367864806,224,0
P03,3,30,0.1,0.24,2.713739,1,1,5000.000000000005,-1.785031,0.001,0.001,False,-14.944013,416,TRAIN,cont_threshold_s000,cont_threshold,1367864806,224,0
P03,3,31,0.1,0.24,15.625,1,1,4382.999999999798,13.902286,0.001,0.001,False,-1.785031,417,TEST,cont_threshold_s000,cont_threshold,1367864806,224,0
P03,3,32,0.1,0.24,6.87324,1,1,5000.000000000005,11.371957,0.001,0.001,False,13.902286,418,TEST,cont_threshold_s000,cont_threshold,1367864806,224,0
P03,3,33,0.1,0.24,7.623061,1,1,1100.9999999999895,12.120826,0.001,0.001,False,11.371957,419,TEST,cont_threshold_s000,cont_threshold,1367864806,224,0
P03,3,34,0.1,0.24,3.157105,1,1,5000.000000000005,7.655415,0.001,0.001,False,12.120826,420,TEST,cont_threshold_s000,cont_threshold,1367864806,224,0
P03,3,35,0.1,0.24,10.942047,1,1,5000.000000000005,15.399163,0.001,0.001,False,7.655415,421,TEST,cont_threshold_s000,cont_threshold,1367864806,224,0
P03,3,36,0.1,0.24,-5.815297,-1,0,5000.000000000005,-1.316517,0.011,0.011,False,15.399163,422,TEST,cont_threshold_s000,cont_threshold,1367864806,224,0
P03,3,37,0.1,0.24,-11.358951,-1,0,5000.000000000005,-12.637792,0.011,0.011,False,-1.316517,423,TEST,cont_threshold_s000,cont_threshold,1367864806,224,0
P03,3,38,0.1,0.24,-4.156943,-1,0,5000.000000000005,-8.65545,0.011,0.011,False,-12.637792,424,TEST,cont_threshold_s000,cont_threshold,1367864806,224,0
P03,3,39,0.1,0.24,-6.800345,-1,0,5000.000000000005,-11.283607,0.011,0.011,False,-8.65545,425,TEST,cont_threshold_s000,cont_threshold,1367864806,224,0
P03,3,40,0.1,0.24,-8.674533,-1,0,5000.000000000005,-13.172202,0.011,0.011,False,-11.283607,426,TEST,cont_threshold_s000,cont_threshold,1367864806,224,0
P03,4,1,0.5,0.24,-0.917696,-1,0,1638.9999999999302,-0.917696,0.001,0.001,True,0.0,427,TRAIN,cont_threshold_s000,cont_threshold,1367864806,224,0
P03,4,2,0.5,0.24,-5.37361,-1,0,2091.9999999998804,-6.146303,0.001,0.001,False,-0.917696,428,TRAIN,cont_threshold_s000,cont_threshold,1367864806,224,0
P03,4,3,0.5,0.24,-1.983925,-1,0,2292.9999999998586,-4.527884,0.001,0.001,False,-6.146303,429,TRAIN,cont_threshold_s000,cont_threshold,1367864806,224,0
P03,4,4,0.5,0.24,-9.905521,-1,0,959.0000000000008,-12.345556,0.001,0.001,False,-4.527884,430,TRAIN,cont_threshold_s000,cont_threshold,1367864806,224,0
P03,4,5,0.5,0.24,-5.009326,-1,0,2011.9999999998895,-7.580698,0.001,0.001,False,-12.345556,431,TRAIN,cont_threshold_s000,cont_threshold,1367864806,224,0
P03,4,6,0.5,0.24,-8.753677,-1,0,1158.9999999999832,-11.318491,0.001,0.001,False,-7.580698,432,TRAIN,cont_threshold_s000,cont_threshold,1367864806,224,0
P03,4,7,0.5,0.24,-8.384756,-1,0,1289.9999999999686,-10.956027,0.001,0.001,False,-11.318491,433,TRAIN,cont_threshold_s000,cont_threshold,1367864806,224,0
P03,4,8,0.5,0.24,-4.692403,-1,0,2395.999999999847,-7.263605,0.001,0.001,False,-10.956027,434,TRAIN,cont_threshold_s000,cont_threshold,1367864806,224,0
P03,4,9,0.5,0.24,13.881381,1,1,1338.9999999999634,11.319024,0.001,0.001,False,-7.263605,435,TRAIN,cont_threshold_s000,cont_threshold,1367864806,224,0
P03,4,10,0.5,0.24,7.324147,1,1,1979.9999999998927,9.895418,0.001,0.001,False,11.319024,436,TRAIN,cont_threshold_s000,cont_threshold,1367864806,224,0
P03,4,11,0.5,0.24,-15.625,-1,0,1029.9999999999973,-13.054227,0.001,0.001,False,9.895418,437,TRAIN,cont_threshold_s000,cont_threshold,1367864806,224,0
P03,4,12,0.5,0.24,9.543696,1,1,5000.000000000005,6.972295,0.021,0.021,False,-13.054227,438,TRAIN,cont_threshold_s000,cont_threshold,1367864806,224,0
P03,4,13,0.5,0.24,-11.095432,-1,0,5000.000000000005,-8.536124,0.021,0.021,False,6.972295,439,TRAIN,cont_threshold_s000,cont_threshold,1367864806,224,0
P03,4,14,0.5,0.24,12.253693,1,1,5000.000000000005,9.684813,0.021,0.021,False,-8.536124,440,TRAIN,cont_threshold_s000,cont_threshold,1367864806,224,0
P03,4,15,0.5,0.24,15.625,1,1,5000.000000000005,18.19562,0.021,0.021,False,9.684813,441,TRAIN,cont_threshold_s000,cont_threshold,1367864806,224,0
P03,4,16,0.5,0.24,-9.408956,-1,0,5000.000000000005,-6.837527,0.031,0.031,False,18.19562,442,TRAIN,cont_threshold_s000,cont_threshold,1367864806,224,0
P03,4,17,0.5,0.24,12.436934,1,1,5000.000000000005,9.879362,0.031,0.031,False,-6.837527,443,TRAIN,cont_threshold_s000,cont_threshold,1367864806,224,0
P03,4,18,0.5,0.24,-14.441693,-1,0,5000.000000000005,-11.87093,0.031,0.031,False,9.879362,444,TRAIN,cont_threshold_s000,cont_threshold,1367864806,224,0
P03,4,19,0.5,0.24,-13.516283,-1,0,5000.000000000005,-16.087621,0.031,0.031,False,-11.87093,445,TRAIN,cont_threshold_s000,cont_threshold,1367864806,224,0
P03,4,20,0.5,0.24,9.821796,1,1,5000.000000000005,7.250368,0.041,0.041,False,-16.087621,446,TRAIN,cont_threshold_s000,cont_threshold,1367864806,224,0
P03,4,21,0.5,0.24,11.354059,1,1,5000.000000000005,13.916296,0.041,0.041,False,7.250368,447,TRAIN,cont_threshold_s000,cont_threshold,1367864806,224,0
P03,4,22,0.5,0.24,2.897451,1,1,5000.000000000005,5.468868,0.031,0.031,False,13.916296,448,TRAIN,cont_threshold_s000,cont_threshold,1367864806,224,0
P03,4,23,0.5,0.24,4.467455,1,1,5000.000000000005,6.985509,0.031,0.031,False,5.468868,449,TRAIN,cont_threshold_s000,cont_threshold,1367864806,224,0
P03,4,24,0.5,0.24,10.819562,1,1,5000.000000000005,13.379028,0.031,0.031,False,6.985509,450,TRAIN,cont_threshold_s000,cont_threshold,1367864806,224,0
P03,4,25,0.5,0.24,13.378774,1,1,5000.000000000005,15.950182,0.031,0.031,False,13.379028,451,TRAIN,cont_threshold_s000,cont_threshold,1367864806,224,0
P03,4,26,0.5,0.24,-9.399662,-1,0,5000.000000000005,-6.828235,0.041,0.041,False,15.950182,452,TRAIN,cont_threshold_s000,cont_threshold,1367864806,224,0
P03,4,27,0.5,0.24,14.824871,1,1,5000.000000000005,12.267428,0.041,0.041,False,-6.828235,453,TRAIN,cont_threshold_s000,cont_threshold,1367864806,224,0
P03,4,28,0.5,0.24,1.577378,1,1,5000.000000000005,4.148746,0.031,0.031,False,12.267428,454,TRAIN,cont_threshold_s000,cont_threshold,1367864806,224,0
P03,4,29,0.5,0.24,7.851968,1,1,5000.000000000005,10.236855,0.031,0.031,False,4.148746,455,TRAIN,cont_threshold_s000,cont_threshold,1367864806,224,0
P03,4,30,0.5,0.24,-6.730367,-1,0,5000.000000000005,-4.159404,0.051,0.051,False,10.236855,456,TRAIN,cont_threshold_s000,cont_threshold,1367864806,224,0
P03,4,31,0.5,0.24,9.568418,1,1,5000.000000000005,7.181727,0.061,0.061,False,-4.159404,457,TEST,cont_threshold_s000,cont_threshold,1367864806,224,0
P03,4,32,0.5,0.24,13.363978,1,1,5000.000000000005,15.925566,0.061,0.061,False,7.181727,458,TEST,cont_threshold_s000,cont_threshold,1367864806,224,0
P03,4,33,0.5,0.24,4.382512,1,1,5000.000000000005,6.953939,0.051,0.051,False,15.925566,459,TEST,cont_threshold_s000,cont_threshold,1367864806,224,0
P03,4,34,0.5,0.24,12.244304,1,1,5000.000000000005,14.80339,0.051,0.051,False,6.953939,460,TEST,cont_threshold_s000,cont_threshold,1367864806,224,0
P03,4,35,0.5,0.24,9.996452,1,1,5000.000000000005,12.567876,0.051,0.051,False,14.80339,461,TEST,cont_threshold_s000,cont_threshold,1367864806,224,0
P03,4,36,0.5,0.24,-11.226847,-1,0,5000.000000000005,-8.655464,0.051,0.051,False,12.567876,462,TEST,cont_threshold_s000,cont_threshold,1367864806,224,0
P03,4,37,0.5,0.24,15.625,1,1,5000.000000000005,13.055834,0.051,0.051,False,-8.655464,463,TEST,cont_threshold_s000,cont_threshold,1367864806,224,0
P03,4,38,0.5,0.24,-7.479292,-1,0,5000.000000000005,-4.90789,0.061,0.061,False,13.055834,464,TEST,cont_threshold_s000,cont_threshold,1367864806,224,0
P03,4,39,0.5,0.24,7.144472,1,1,5000.000000000005,4.664756,0.071,0.071,False,-4.90789,465,TEST,cont_threshold_s000,cont_threshold,1367864806,224,0
P03,4,40,0.5,0.24,6.239756,1,1,5000.000000000005,8.695655,0.071,0.071,False,4.664756,466,TEST,cont_threshold_s000,cont_threshold,1367864806,224,0
P01,1,1,0.05,0.41,3.226995,1,1,690.0000000000005,3.226995,0.001,0.001,True,0.0,0,TRAIN,cont_asymptote_s000,cont_asymptote,661058651,0,0
P01,1,3,0.05,0.41,1.917467,1,1,6.0,1.348992,0.991,0.991,False,-2.307557,2,TRAIN,cont_asymptote_s000,cont_asymptote,661058651,0,0
P01,1,4,0.05,0.41,1.525006,-1,1,18.00000000000001,1.927806,0.531,0.531,False,1.348992,3,TRAIN,cont_asymptote_s000,cont_asymptote,661058651,0,0
P01,1,5,0.05,0.41,1.917923,-1,1,31.00000000000002,2.433343,0.451,0.451,False,1.927806,4,TRAIN,cont_asymptote_s000,cont_asymptote,661058651,0,0
P01,1,6,0.05,0.41,5.353956,-1,1,555.0000000000003,5.936859,0.441,0.441,False,2.433343,5,TRAIN,cont_asymptote_s000,cont_asymptote,661058651,0,0
P01,1,7,0.05,0.41,5.353956,1,1,448.00000000000034,6.053605,0.441,0.441,False,5.936859,6,TRAIN,cont_asymptote_s000,cont_asymptote,661058651,0,0
P01,1,8,0.05,0.41,0.594862,1,1,6.0,1.294952,0.081,0.081,False,6.053605,7,TRAIN,cont_asymptote_s000,cont_asymptote,661058651,0,0
P01,1,11,0.05,0.41,0.734078,1,1,652.0000000000005,1.413055,0.061,0.061,False,4.10377,10,TRAIN,cont_asymptote_s000,cont_asymptote,661058651,0,0
P01,1,12,0.05,0.41,2.836541,1,1,427.00000000000034,3.253835,0.051,0.051,False,1.413055,11,TRAIN,cont_asymptote_s000,cont_asymptote,661058651,0,0
P01,1,13,0.05,0.41,5.294251,1,1,322.0000000000002,5.941676,0.051,0.051,False,3.253835,12,TRAIN,cont_asymptote_s000,cont_asymptote,661058651,0,0
P01,1,15,0.05,0.41,3.753973,1,1,801.0000000000006,4.389664,0.051,0.051,False,3.054267,14,TRAIN,cont_asymptote_s000,cont_asymptote,661058651,0,0
P01,1,16,0.05,0.41,2.345472,1,1,61.00000000000005,3.030494,0.051,0.051,False,4.389664,15,TRAIN,cont_asymptote_s000,cont_asymptote,661058651,0,0
P01,1,17,0.05,0.41,2.265176,1,1,2060.999999999884,2.899324,0.051,0.051,False,3.030494,16,TRAIN,cont_asymptote_s000,cont_asymptote,661058651,0,0
P01,1,18,0.05,0.41,-0.442225,1,1,6.0,0.182801,0.331,0.331,False,2.899324,17,TRAIN,cont_asymptote_s000,cont_asymptote,661058651,0,0
P01,1,19,0.05,0.41,4.813038,1,1,156.0000000000001,4.874673,0.331,0.331,False,0.182801,18,TRAIN,cont_asymptote_s000,cont_asymptote,661058651,0,0
P01,1,21,0.05,0.41,1.054018,1,1,42.00000000000003,1.75275,0.301,0.301,False,5.730409,20,TRAIN,cont_asymptote_s000,cont_asymptote,661058651,0,0
P01,1,22,0.05,0.41,3.388123,1,1,389.0000000000003,3.873756,0.291,0.291,False,1.75275,21,TRAIN,cont_asymptote_s000,cont_asymptote,661058651,0,0
P01,1,24,0.05,0.41,0.717787,1,1,6.0,1.41778,0.261,0.261,False,6.026709,23,TRAIN,cont_asymptote_s000,cont_asymptote,661058651,0,0
P01,1,25,0.05,0.41,5.022416,1,1,56.00000000000004,5.440759,0.261,0.261,False,1.41778,24,TRAIN,cont_asymptote_s000,cont_asymptote,661058651,0,0
P01,1,26,0.05,0.41,5.353956,1,1,433.00000000000034,6.051039,0.261,0.261,False,5.440759,25,TRAIN,cont_asymptote_s000,cont_asymptote,661058651,0,0
P01,1,27,0.05,0.41,-5.147871,-1,0,466.00000000000034,-4.44779,0.261,0.261,False,6.051039,26,TRAIN,cont_asymptote_s000,cont_asymptote,661058651,0,0
P01,1,28,0.05,0.41,-0.368008,-1,0,6.0,-1.054067,0.231,0.231,False,-4.44779,27,TRAIN,cont_asymptote_s000,cont_asymptote,661058651,0,0
P01,1,29,0.05,0.41,-1.1697,-1,0,241.0000000000002,-1.499233,0.211,0.211,False,-1.054067,28,TRAIN,cont_asymptote_s000,cont_asymptote,661058651,0,0
P01,1,31,0.05,0.41,-5.353956,-1,0,226.00000000000017,-4.77828,0.231,0.231,False,2.36876,30,TEST,cont_asymptote_s000,cont_asymptote,661058651,0,0
P01,1,32,0.05,0.41,-0.619063,-1,0,7.0,-1.310026,0.211,0.211,False,-4.77828,31,TEST,cont_asymptote_s000,cont_asymptote,661058651,0,0
P01,1,34,0.05,0.41,-2.588615,-1,0,463.00000000000034,-3.256659,0.201,0.201,False,-3.728027,33,TEST,cont_asymptote_s000,cont_asymptote,661058651,0,0
P01,1,35,0.05,0.41,0.78139,-1,0,122.0000000000001,0.133814,0.281,0.281,False,-3.256659,34,TEST,cont_asymptote_s000,cont_asymptote,661058651,0,0
P01,1,36,0.05,0.41,-5.353956,-1,0,200.00000000000014,-5.308787,0.271,0.271,False,0.133814,35,TEST,cont_asymptote_s000,cont_asymptote,661058651,0,0
P01,1,37,0.05,0.41,-3.285926,-1,0,52.00000000000004,-3.982086,0.271,0.271,False,-5.308787,36,TEST,cont_asymptote_s000,cont_asymptote,661058651,0,0
P01,1,38,0.05,0.41,0.778371,-1,0,66.00000000000004,0.102516,0.331,0.331,False,-3.982086,37,TEST,cont_asymptote_s000,cont_asymptote,661058651,0,0
P01,1,39,0.05,0.41,-5.353956,-1,0,656.0000000000005,-5.319332,0.331,0.331,False,0.102516,38,TEST,cont_asymptote_s000,cont_asymptote,661058651,0,0
P01,1,40,0.05,0.41,-4.549726,-1,0,435.00000000000034,-5.245965,0.331,0.331,False,-5.319332,39,TEST,cont_asymptote_s000,cont_asymptote,661058651,0,0
P01,2,1,0.1,0.41,-1.409163,-1,0,4675.999999999896,-1.409163,0.001,0.001,True,0.0,40,TRAIN,cont_asymptote_s000,cont_asymptote,661058651,0,0
P01,2,2,0.1,0.41,-5.353956,-1,0,2055.9999999998845,-6.647868,0.001,0.001,False,-1.409163,41,TRAIN,cont_asymptote_s000,cont_asymptote,661058651,0,0
P01,2,3,0.1,0.41,-0.52436,-1,1,6.0,-3.926944,0.001,0.001,False,-6.647868,42,TRAIN,cont_asymptote_s000,cont_asymptote,661058651,0,0
P01,2,4,0.1,0.41,4.236247,-1,1,352.0000000000003,1.273233,0.111,0.111,False,-3.926944,43,TRAIN,cont_asymptote_s000,cont_asymptote,661058651,0,0
P01,2,5,0.1,0.41,1.223392,1,1,169.0000000000001,2.397326,0.101,0.101,False,1.273233,44,TRAIN,cont_asymptote_s000,cont_asymptote,661058651,0,0
P01,2,6,0.1,0.41,5.353956,1,1,889.0000000000007,7.452818,0.101,0.101,False,2.397326,45,TRAIN,cont_asymptote_s000,cont_asymptote,661058651,0,0
P01,2,7,0.1,0.41,3.53347,1,1,54.00000000000004,6.957805,0.101,0.101,False,7.452818,46,TRAIN,cont_asymptote_s000,cont_asymptote,661058651,0,0
P01,2,8,0.1,0.41,0.906646,1,0,174.0000000000001,4.319655,0.081,0.081,False,6.957805,47,TRAIN,cont_asymptote_s000,cont_asymptote,661058651,0,0
P01,2,9,0.1,0.41,-0.740993,1,0,6.0,2.353964,0.051,0.051,False,4.319655,48,TRAIN,cont_asymptote_s000,cont_asymptote,661058651,0,0
P01,2,10,0.1,0.41,-1.841031,-1,0,1418.9999999999545,0.2257,0.091,0.091,False,2.353964,49,TRAIN,cont_asymptote_s000,cont_asymptote,661058651,0,0
P01,2,11,0.1,0.41,2.097033,-1,1,1555.9999999999395,2.308632,0.081,0.081,False,0.2257,50,TRAIN,cont_asymptote_s000,cont_asymptote,661058651,0,0
P01,2,12,0.1,0.41,3.243506,1,1,686.0000000000005,5.276275,0.081,0.081,False,2.308632,51,TRAIN,cont_asymptote_s000,cont_asymptote,661058651,0,0
P01,2,13,0.1,0.41,0.756703,1,1,7.0,4.050919,0.071,0.071,False,5.276275,52,TRAIN,cont_asymptote_s000,cont_asymptote,661058651,0,0
P01,2,14,0.1,0.41,5.353956,1,1,87.00000000000006,8.362356,0.071,0.071,False,4.050919,53,TRAIN,cont_asymptote_s000,cont_asymptote,661058651,0,0
P01,2,15,0.1,0.41,-0.227382,1,1,6.0,3.207631,0.061,0.061,False,8.362356,54,TRAIN,cont_asymptote_s000,cont_asymptote,661058651,0,0
P01,2,16,0.1,0.41,2.004847,1,1,275.00000000000017,4.631081,0.061,0.061,False,3.207631,55,TRAIN,cont_asymptote_s000,cont_asymptote,661058651,0,0
P01,2,17,0.1,0.41,4.411135,1,1,198.00000000000014,7.587839,0.061,0.061,False,4.631081,56,TRAIN,cont_asymptote_s000,cont_asymptote,661058651,0,0
P01,2,18,0.1,0.41,5.353956,1,1,385.0000000000003,8.780539,0.061,0.061,False,7.587839,57,TRAIN,cont_asymptote_s000,cont_asymptote,661058651,0,0
P01,2,19,0.1,0.41,0.639757,1,1,6.0,4.077246,0.061,0.061,False,8.780539,58,TRAIN,cont_asymptote_s000,cont_asymptote,661058651,0,0
P01,2,20,0.1,0.41,2.879757,1,1,94.00000000000007,5.89734,0.061,0.061,False,4.077246,59,TRAIN,cont_asymptote_s000,cont_asymptote,661058651,0,0
P01,2,21,0.1,0.41,0.649122,1,1,6.0,4.009117,0.061,0.061,False,5.89734,60,TRAIN,cont_asymptote_s000,cont_asymptote,661058651,0,0
P01,2,22,0.1,0.41,-4.729901,-1,0,936.0000000000007,-1.736407,0.021,0.021,False,4.009117,61,TRAIN,cont_asymptote_s000,cont_asymptote,661058651,0,0
P01,2,23,0.1,0.41,-3.655983,-1,0,923.0000000000007,-5.231129,0.021,0.021,False,-1.736407,62,TRAIN,cont_asymptote_s000,cont_asymptote,661058651,0,0
P01,2,24,0.1,0.41,-5.353956,-1,0,254.00000000000017,-8.641838,0.021,0.021,False,-5.231129,63,TRAIN,cont_asymptote_s000,cont_asymptote,661058651,0,0
P01,2,25,0.1,0.41,-3.556863,-1,0,748.0000000000006,-6.993642,0.021,0.021,False,-8.641838,64,TRAIN,cont_asymptote_s000,cont_asymptote,661058651,0,0
P01,2,26,0.1,0.41,-5.353956,-1,0,70.00000000000004,-8.767981,0.021,0.021,False,-6.993642,65,TRAIN,cont_asymptote_s000,cont_asymptote,661058651,0,0
P01,2,27,0.1,0.41,-2.434899,-1,0,271.00000000000017,-5.872328,0.021,0.021,False,-8.767981,66,TRAIN,cont_asymptote_s000,cont_asymptote,661058651,0,0
P01,2,28,0.1,0.41,-1.645168,-1,0,206.00000000000014,-5.003164,0.021,0.021,False,-5.872328,67,TRAIN,cont_asymptote_s000,cont_asymptote,661058651,0,0
P01,2,29,0.1,0.41,5.353956,1,1,3074.999999999772,2.102043,0.021,0.021,False,-5.003164,68,TRAIN,cont_asymptote_s000,cont_asymptote,661058651,0,0
P01,2,30,0.1,0.41,4.903863,-1,1,4391.999999999802,6.777281,0.021,0.021,False,2.102043,69,TRAIN,cont_asymptote_s000,cont_asymptote,661058651,0,0
P01,2,31,0.1,0.41,3.649547,1,1,562.0000000000003,7.056866,0.021,0.021,False,6.777281,70,TEST,cont_asymptote_s000,cont_asymptote,661058651,0,0
P01,2,32,0.1,0.41,1.940681,1,1,86.00000000000006,5.356414,0.021,0.021,False,7.056866,71,TEST,cont_asymptote_s000,cont_asymptote,661058651,0,0
P01,2,33,0.1,0.41,5.224597,1,1,90.00000000000007,8.529467,0.021,0.021,False,5.356414,72,TEST,cont_asymptote_s000,cont_asymptote,661058651,0,0
P01,2,34,0.1,0.41,0.308859,1,1,6.0,3.744987,0.021,0.021,False,8.529467,73,TEST,cont_asymptote_s000,cont_asymptote,661058651,0,0
P01,2,35,0.1,0.41,4.507985,1,1,185.00000000000014,7.397815,0.021,0.021,False,3.744987,74,TEST,cont_asymptote_s000,cont_asymptote,661058651,0,0
P01,2,36,0.1,0.41,4.861194,1,1,736.0000000000006,8.284523,0.021,0.021,False,7.397815,75,TEST,cont_asymptote_s000,cont_asymptote,661058651,0,0
P01,2,38,0.1,0.41,-1.137463,-1,1,163.0000000000001,-0.943035,0.041,0.041,False,0.207369,77,TEST,cont_asymptote_s000,cont_asymptote,661058651,0,0
P01,2,39,0.1,0.41,0.477975,-1,1,154.0000000000001,-0.398495,0.031,0.031,False,-0.943035,78,TEST,cont_asymptote_s000,cont_asymptote,661058651,0,0
P01,2,40,0.1,0.41,3.099226,-1,1,2031.9999999998872,2.726036,0.031,0.031,False,-0.398495,79,TEST,cont_asymptote_s000,cont_asymptote,661058651,0,0
P01,3,1,0.3,0.41,1.187286,1,0,1196.999999999979,1.187286,0.001,0.001,True,0.0,80,TRAIN,cont_asymptote_s000,cont_asymptote,661058651,0,0
P01,3,2,0.3,0.41,-5.353956,-1,0,80.00000000000006,-4.47239,0.991,0.991,False,1.187286,81,TRAIN,cont_asymptote_s000,cont_asymptote,661058651,0,0
P01,3,3,0.3,0.41,-5.353956,-1,0,146.0000000000001,-7.348429,0.391,0.391,False,-4.47239,82,TRAIN,cont_asymptote_s000,cont_asymptote,661058651,0,0
P01,3,4,0.3,0.41,-5.353956,-1,0,314.0000000000002,-7.429462,0.271,0.271,False,-7.348429,83,TRAIN,cont_asymptote_s000,cont_asymptote,661058651,0,0
P01,3,5,0.3,0.41,2.225703,1,1,6.0,0.149804,0.781,0.781,False,-7.429462,84,TRAIN,cont_asymptote_s000,cont_asymptote,661058651,0,0
P01,3,6,0.3,0.41,1.415193,1,1,87.00000000000006,1.531655,0.441,0.441,False,0.149804,85,TRAIN,cont_asymptote_s000,cont_asymptote,661058651,0,0
P01,3,7,0.3,0.41,-0.287975,1,1,9.000000000000002,0.814423,0.581,0.581,False,1.531655,86,TRAIN,cont_asymptote_s000,cont_asymptote,661058651,0,0
P01,3,8,0.3,0.41,1.409041,1,1,237.00000000000017,2.028932,0.601,0.601,False,0.814423,87,TRAIN,cont_asymptote_s000,cont_asymptote,661058651,0,0
P01,3,9,0.3,0.41,1.962525,-1,1,42.00000000000003,3.340077,0.561,0.561,False,2.028932,88,TRAIN,cont_asymptote_s000,cont_asymptote,661058651,0,0
P01,3,10,0.3,0.41,1.723602,-1,1,131.00000000000009,3.558764,0.511,0.511,False,3.340077,89,TRAIN,cont_asymptote_s000,cont_asymptote,661058651,0,0
P01,3,11,0.3,0.41,5.046169,1,1,658.0000000000005,6.924859,0.511,0.511,False,3.558764,90,TRAIN,cont_asymptote_s000,cont_asymptote,661058651,0,0
P01,3,12,0.3,0.41,1.275118,1,1,97.00000000000007,3.347965,0.431,0.431,False,6.924859,91,TRAIN,cont_asymptote_s000,cont_asymptote,661058651,0,0
P01,3,13,0.3,0.41,4.639804,-1,1,162.0000000000001,6.47667,0.421,0.421,False,3.347965,92,TRAIN,cont_asymptote_s000,cont_asymptote,661058651,0,0
P01,3,14,0.3,0.41,-2.350907,1,0,264.00000000000017,-0.282398,0.071,0.071,False,6.47667,93,TRAIN,cont_asymptote_s000,cont_asymptote,661058651,0,0
P01,3,15,0.3,0.41,-2.326622,-1,0,145.0000000000001,-2.545752,0.091,0.091,False,-0.282398,94,TRAIN,cont_asymptote_s000,cont_asymptote,661058651,0,0
P01,3,16,0.3,0.41,-1.26568,-1,0,284.00000000000017,-2.868626,0.081,0.081,False,-2.545752,95,TRAIN,cont_asymptote_s000,cont_asymptote,661058651,0,0
P01,3,17,0.3,0.41,5.353956,1,1,654.0000000000005,3.641143,0.051,0.051,False,-2.868626,96,TRAIN,cont_asymptote_s000,cont_asymptote,661058651,0,0
P01,3,19,0.3,0.41,-3.17042,-1,0,505.00000000000034,-1.103595,0.071,0.071,False,6.345064,98,TRAIN,cont_asymptote_s000,cont_asymptote,661058651,0,0
P01,3,20,0.3,0.41,4.916102,1,1,741.0000000000006,4.091436,0.071,0.071,False,-1.103595,99,TRAIN,cont_asymptote_s000,cont_asymptote,661058651,0,0
P01,3,21,0.3,0.41,0.581431,1,1,6.0,2.538444,0.071,0.071,False,4.091436,100,TRAIN,cont_asymptote_s000,cont_asymptote,661058651,0,0
P01,3,22,0.3,0.41,5.211775,1,1,1061.9999999999939,6.811967,0.071,0.071,False,2.538444,101,TRAIN,cont_asymptote_s000,cont_asymptote,661058651,0,0
P01,3,23,0.3,0.41,3.049696,1,1,309.0000000000002,5.121625,0.071,0.071,False,6.811967,102,TRAIN,cont_asymptote_s000,cont_asymptote,661058651,0,0
P01,3,24,0.3,0.41,-4.341324,-1,0,1117.9999999999877,-2.30669,0.071,0.071,False,5.121625,103,TRAIN,cont_asymptote_s000,cont_asymptote,661058651,0,0
P01,3,25,0.3,0.41,-0.288776,-1,0,6.0,-1.795237,0.071,0.071,False,-2.30669,104,TRAIN,cont_asymptote_s000,cont_asymptote,661058651,0,0
P01,3,26,0.3,0.41,-5.353956,-1,0,77.00000000000006,-6.609094,0.071,0.071,False,-1.795237,105,TRAIN,cont_asymptote_s000,cont_asymptote,661058651,0,0
P01,3,27,0.3,0.41,-1.965447,-1,0,348.0000000000002,-4.035444,0.071,0.071,False,-6.609094,106,TRAIN,cont_asymptote_s000,cont_asymptote,661058651,0,0
P01,3,28,0.3,0.41,2.394558,-1,1,87.00000000000006,0.444201,0.091,0.091,False,-4.035444,107,TRAIN,cont_asymptote_s000,cont_asymptote,661058651,0,0
P01,3,30,0.3,0.41,3.464969,1,1,437.00000000000034,5.519439,0.091,0.091,False,5.697305,109,TRAIN,cont_asymptote_s000,cont_asymptote,661058651,0,0
P01,3,31,0.3,0.41,1.054911,1,1,6.0,3.104382,0.091,0.091,False,5.519439,110,TEST,cont_asymptote_s000,cont_asymptote,661058651,0,0
P01,3,32,0.3,0.41,-1.724342,1,0,597.0000000000005,0.054897,0.121,0.121,False,3.104382,111,TEST,cont_asymptote_s000,cont_asymptote,661058651,0,0
P01,3,33,0.3,0.41,-5.353956,-1,0,221.00000000000017,-5.31125,0.121,0.121,False,0.054897,112,TEST,cont_asymptote_s000,cont_asymptote,661058651,0,0
P01,3,34,0.3,0.41,-2.071553,-1,0,285.00000000000017,-4.113967,0.121,0.121,False,-5.31125,113,TEST,cont_asymptote_s000,cont_asymptote,661058651,0,0
P01,3,35,0.3,0.41,-0.290645,-1,1,6.0,-2.250246,0.121,0.121,False,-4.113967,114,TEST,cont_asymptote_s000,cont_asymptote,661058651,0,0
P01,3,36,0.3,0.41,-5.353956,-1,0,503.00000000000034,-6.835692,0.121,0.121,False,-2.250246,115,TEST,cont_asymptote_s000,cont_asymptote,661058651,0,0
P01,3,37,0.3,0.41,-0.254512,-1,1,6.0,-2.326643,0.111,0.111,False,-6.835692,116,TEST,cont_asymptote_s000,cont_asymptote,661058651,0,0
P01,3,38,0.3,0.41,-2.897962,1,0,932.0000000000007,-4.412986,0.111,0.111,False,-2.326643,117,TEST,cont_asymptote_s000,cont_asymptote,661058651,0,0
P01,3,39,0.3,0.41,-5.353956,-1,0,118.00000000000009,-7.343401,0.111,0.111,False,-4.412986,118,TEST,cont_asymptote_s000,cont_asymptote,661058651,0,0
P01,3,40,0.3,0.41,-5.353956,-1,0,781.0000000000006,-7.429437,0.111,0.111,False,-7.343401,119,TEST,cont_asymptote_s000,cont_asymptote,661058651,0,0
P01,4,1,0.5,0.41,4.13596,1,1,3255.9999999997526,4.13596,0.001,0.001,True,0.0,120,TRAIN,cont_asymptote_s000,cont_asymptote,661058651,0,0
P01,4,2,0.5,0.41,1.318223,1,1,1229.9999999999754,1.912347,0.001,0.001,False,4.13596,121,TRAIN,cont_asymptote_s000,cont_asymptote,661058651,0,0
P01,4,3,0.5,0.41,4.283771,1,1,1816.9999999999106,4.733783,0.001,0.001,False,1.912347,122,TRAIN,cont_asymptote_s000,cont_asymptote,661058651,0,0
P01,4,4,0.5,0.41,0.392906,-1,1,4107.999999999706,0.996169,0.001,0.001,False,4.733783,123,TRAIN,cont_asymptote_s000,cont_asymptote,661058651,0,0
P01,4,5,0.5,0.41,0.91573,1,1,4641.9999999998845,1.191997,0.001,0.001,False,0.996169,124,TRAIN,cont_asymptote_s000,cont_asymptote,661058651,0,0
P01,4,6,0.5,0.41,1.406115,1,0,4187.9999999997335,1.727227,0.001,0.001,False,1.191997,125,TRAIN,cont_asymptote_s000,cont_asymptote,661058651,0,0
P01,4,7,0.5,0.41,0.803872,1,1,28.000000000000018,1.226112,0.331,0.331,False,1.727227,126,TRAIN,cont_asymptote_s000,cont_asymptote,661058651,0,0
P01,4,8,0.5,0.41,-4.657644,-1,0,1043.999999999996,-4.329141,0.331,0.331,False,1.226112,127,TRAIN,cont_asymptote_s000,cont_asymptote,661058651,0,0
P01,4,9,0.5,0.41,-4.80869,1,0,546.0000000000003,-5.406363,0.331,0.331,False,-4.329141,128,TRAIN,cont_asymptote_s000,cont_asymptote,661058651,0,0
P01,4,10,0.5,0.41,-3.867973,1,0,81.00000000000006,-4.47678,0.331,0.331,False,-5.406363,129,TRAIN,cont_asymptote_s000,cont_asymptote,661058651,0,0
P01,4,11,0.5,0.41,3.054955,1,1,348.0000000000002,2.454983,0.361,0.361,False,-4.47678,130,TRAIN,cont_asymptote_s000,cont_asymptote,661058651,0,0
P01,4,12,0.5,0.41,1.744219,-1,1,369.0000000000003,2.256904,0.331,0.331,False,2.454983,131,TRAIN,cont_asymptote_s000,cont_asymptote,661058651,0,0
P01,4,13,0.5,0.41,3.172887,-1,0,832.0000000000007,3.665675,0.331,0.331,False,2.256904,132,TRAIN,cont_asymptote_s000,cont_asymptote,661058651,0,0
P01,4,14,0.5,0.41,1.543522,1,1,53.00000000000004,2.125686,0.301,0.301,False,3.665675,133,TRAIN,cont_asymptote_s000,cont_asymptote,661058651,0,0
P01,4,15,0.5,0.41,0.774145,1,1,39.00000000000003,1.251935,0.271,0.271,False,2.125686,134,TRAIN,cont_asymptote_s000,cont_asymptote,661058651,0,0
P01,4,16,0.5,0.41,5.353956,1,1,1104.999999999989,5.687967,0.271,0.271,False,1.251935,135,TRAIN,cont_asymptote_s000,cont_asymptote,661058651,0,0
P01,4,17,0.5,0.41,-3.013439,-1,0,750.0000000000006,-2.403205,0.291,0.291,False,5.687967,136,TRAIN,cont_asymptote_s000,cont_asymptote,661058651,0,0
P01,4,18,0.5,0.41,2.564866,1,1,135.00000000000009,2.05708,0.301,0.301,False,-2.403205,137,TRAIN,cont_asymptote_s000,cont_asymptote,661058651,0,0
P01,4,19,0.5,0.41,1.295361,1,1,83.00000000000006,1.76469,0.291,0.291,False,2.05708,138,TRAIN,cont_asymptote_s000,cont_asymptote,661058651,0,0
P01,4,20,0.5,0.41,4.879399,1,1,442.00000000000034,5.307547,0.291,0.291,False,1.76469,139,TRAIN,cont_asymptote_s000,cont_asymptote,661058651,0,0
P01,4,21,0.5,0.41,5.353956,1,1,95.00000000000007,5.96216,0.291,0.291,False,5.307547,140,TRAIN,cont_asymptote_s000,cont_asymptote,661058651,0,0
P01,4,22,0.5,0.41,0.690933,1,0,6.0,1.302222,0.261,0.261,False,5.96216,141,TRAIN,cont_asymptote_s000,cont_asymptote,661058651,0,0
P01,4,23,0.5,0.41,-1.24007,-1,0,116.00000000000009,-0.895541,0.301,0.301,False,1.302222,142,TRAIN,cont_asymptote_s000,cont_asymptote,661058651,0,0
P01,4,24,0.5,0.41,-2.953982,-1,0,104.00000000000009,-3.20566,0.301,0.301,False,-0.895541,143,TRAIN,cont_asymptote_s000,cont_asymptote,661058651,0,0
P01,4,25,0.5,0.41,3.749239,1,1,98.00000000000007,3.185177,0.311,0.311,False,-3.20566,144,TRAIN,cont_asymptote_s000,cont_asymptote,661058651,0,0
P01,4,26,0.5,0.41,4.078283,1,1,105.00000000000009,4.641347,0.311,0.311,False,3.185177,145,TRAIN,cont_asymptote_s000,cont_asymptote,661058651,0,0
P01,4,27,0.5,0.41,-4.902201,-1,0,499.0000000000004,-4.300028,0.311,0.311,False,4.641347,146,TRAIN,cont_asymptote_s000,cont_asymptote,661058651,0,0
P01,4,28,0.5,0.41,0.596803,-1,1,6.0,-0.000377,0.261,0.261,False,-4.300028,147,TRAIN,cont_asymptote_s000,cont_asymptote,661058651,0,0
P01,4,29,0.5,0.41,5.353956,1,1,318.0000000000002,5.353844,0.261,0.261,False,-0.000377,148,TRAIN,cont_asymptote_s000,cont_asymptote,661058651,0,0
P01,4,30,0.5,0.41,-2.964141,-1,0,641.0000000000005,-2.355648,0.281,0.281,False,5.353844,149,TRAIN,cont_asymptote_s000,cont_asymptote,661058651,0,0
P01,4,31,0.5,0.41,0.732603,1,1,82.00000000000006,0.229502,0.311,0.311,False,-2.355648,150,TEST,cont_asymptote_s000,cont_asymptote,661058651,0,0
P01,4,32,0.5,0.41,-2.37486,-1,0,635.0000000000005,-2.306741,0.301,0.301,False,0.229502,151,TEST,cont_asymptote_s000,cont_asymptote,661058651,0,0
P01,4,33,0.5,0.41,1.539819,-1,1,7.0,1.041725,0.331,0.331,False,-2.306741,152,TEST,cont_asymptote_s000,cont_asymptote,661058651,0,0
P01,4,34,0.5,0.41,5.197843,1,1,78.00000000000006,5.484904,0.331,0.331,False,1.041725,153,TEST,cont_asymptote_s000,cont_asymptote,661058651,0,0
P01,4,35,0.5,0.41,3.732736,1,1,127.00000000000009,4.341982,0.331,0.331,False,5.484904,154,TEST,cont_asymptote_s000,cont_asymptote,661058651,0,0
P01,4,36,0.5,0.41,-0.994625,-1,1,105.00000000000009,-0.396738,0.371,0.371,False,4.341982,155,TEST,cont_asymptote_s000,cont_asymptote,661058651,0,0
P01,4,37,0.5,0.41,-3.2152,-1,0,645.0000000000005,-3.332034,0.371,0.371,False,-0.396738,156,TEST,cont_asymptote_s000,cont_asymptote,661058651,0,0
P01,4,38,0.5,0.41,-4.229171,-1,0,1024.999999999998,-4.798994,0.371,0.371,False,-3.332034,157,TEST,cont_asymptote_s000,cont_asymptote,661058651,0,0
P01,4,39,0.5,0.41,-0.850482,-1,0,15.000000000000007,-1.454456,0.351,0.351,False,-4.798994,158,TEST,cont_asymptote_s000,cont_asymptote,661058651,0,0
P01,4,40,0.5,0.41,-5.353956,-1,0,286.00000000000017,-5.728612,0.351,0.351,False,-1.454456,159,TEST,cont_asymptote_s000,cont_asymptote,661058651,0,0
P02,1,1,0.5,0.24,11.051806,1,1,984.0000000000008,11.135816,0.061,0.061,True,0.0,160,TRAIN,cont_asymptote_s000,cont_asymptote,661058651,0,0
P02,1,15,0.5,0.24,10.363132,1,1,487.0000000000004,10.279085,0.061,0.061,False,11.135816,161,TRAIN,cont_asymptote_s000,cont_asymptote,661058651,0,0
P02,1,16,0.5,0.24,10.9934,1,1,546.0000000000003,10.909356,0.061,0.061,False,10.279085,162,TRAIN,cont_asymptote_s000,cont_asymptote,661058651,0,0
P02,1,17,0.5,0.24,1.922244,1,0,64.00000000000004,1.838197,0.051,0.051,False,10.909356,163,TRAIN,cont_asymptote_s000,cont_asymptote,661058651,0,0
P02,1,18,0.5,0.24,13.086939,1,1,372.0000000000003,13.025981,0.051,0.051,False,1.838197,164,TRAIN,cont_asymptote_s000,cont_asymptote,661058651,0,0
P02,1,19,0.5,0.24,2.400132,1,1,17.000000000000007,2.316083,0.041,0.041,False,13.025981,165,TRAIN,cont_asymptote_s000,cont_asymptote,661058651,0,0
P02,1,20,0.5,0.24,4.317477,1,1,3240.999999999754,4.248536,0.041,0.041,False,2.316083,166,TRAIN,cont_asymptote_s000,cont_asymptote,661058651,0,0
P02,1,21,0.5,0.24,1.308419,1,1,7.0,1.22674,0.031,0.031,False,4.248536,167,TRAIN,cont_asymptote_s000,cont_asymptote,661058651,0,0
P02,1,22,0.5,0.24,9.092244,1,1,591.0000000000005,9.046331,0.031,0.031,False,1.22674,168,TRAIN,cont_asymptote_s000,cont_asymptote,661058651,0,0
P02,1,23,0.5,0.24,-10.373102,-1,0,1069.999999999993,-10.457131,0.031,0.031,False,9.046331,169,TRAIN,cont_asymptote_s000,cont_asymptote,661058651,0,0
P02,1,24,0.5,0.24,-4.561895,-1,0,540.0000000000003,-4.47785,0.031,0.031,False,-10.457131,170,TRAIN,cont_asymptote_s000,cont_asymptote,661058651,0,0
P02,1,25,0.5,0.24,5.053847,-1,0,381.0000000000003,5.136007,0.081,0.081,False,-4.47785,171,TRAIN,cont_asymptote_s000,cont_asymptote,661058651,0,0
P02,1,26,0.5,0.24,-11.908489,-1,0,794.0000000000006,-11.991555,0.081,0.081,False,5.136007,172,TRAIN,cont_asymptote_s000,cont_asymptote,661058651,0,0
P02,1,27,0.5,0.24,6.527328,1,1,503.00000000000034,6.611376,0.091,0.091,False,-11.991555,173,TRAIN,cont_asymptote_s000,cont_asymptote,661058651,0,0
P02,1,28,0.5,0.24,11.512514,1,1,285.00000000000017,11.428691,0.091,0.091,False,6.611376,174,TRAIN,cont_asymptote_s000,cont_asymptote,661058651,0,0
P02,1,29,0.5,0.24,5.414299,1,1,81.00000000000006,5.330252,0.091,0.091,False,11.428691,175,TRAIN,cont_asymptote_s000,cont_asymptote,661058651,0,0
P02,1,30,0.5,0.24,-13.152849,-1,0,790.0000000000006,-13.236088,0.091,0.091,False,5.330252,176,TRAIN,cont_asymptote_s000,cont_asymptote,661058651,0,0
P02,1,31,0.5,0.24,12.764991,1,1,822.0000000000006,12.849041,0.091,0.091,False,-13.236088,177,TEST,cont_asymptote_s000,cont_asymptote,661058651,0,0
P02,1,32,0.5,0.24,1.859469,1,1,96.00000000000007,1.77542,0.521,0.521,False,12.849041,178,TEST,cont_asymptote_s000,cont_asymptote,661058651,0,0
P02,1,33,0.5,0.24,15.208509,1,1,383.0000000000003,15.148829,0.521,0.521,False,1.77542,179,TEST,cont_asymptote_s000,cont_asymptote,661058651,0,0
P02,1,34,0.5,0.24,11.306505,1,1,198.00000000000014,11.222455,0.521,0.521,False,15.148829,180,TEST,cont_asymptote_s000,cont_asymptote,661058651,0,0
P02,1,35,0.5,0.24,-11.959252,-1,0,195.00000000000014,-12.0433,0.521,0.521,False,11.222455,181,TEST,cont_asymptote_s000,cont_asymptote,661058651,0,0
P02,1,36,0.5,0.24,-12.057083,1,0,119.00000000000009,-11.973034,0.521,0.521,False,-12.0433,182,TEST,cont_asymptote_s000,cont_asymptote,661058651,0,0
P02,1,37,0.5,0.24,9.244925,1,1,650.0000000000005,9.328974,0.521,0.521,False,-11.973034,183,TEST,cont_asymptote_s000,cont_asymptote,661058651,0,0
P02,1,38,0.5,0.24,-4.561845,-1,0,198.00000000000014,-4.645879,0.521,0.521,False,9.328974,184,TEST,cont_asymptote_s000,cont_asymptote,661058651,0,0
P02,1,39,0.5,0.24,9.37053,1,1,151.0000000000001,9.452979,0.521,0.521,False,-4.645879,185,TEST,cont_asymptote_s000,cont_asymptote,661058651,0,0
P02,1,40,0.5,0.24,5.550216,1,1,843.0000000000007,5.46618,0.521,0.521,False,9.452979,186,TEST,cont_asymptote_s000,cont_asymptote,661058651,0,0
P02,2,1,0.1,0.24,-15.625,-1,0,1180.9999999999807,-15.625,0.001,0.001,True,0.0,187,TRAIN,cont_asymptote_s000,cont_asymptote,661058651,0,0
P02,2,2,0.1,0.24,-6.07162,-1,0,323.0000000000002,-6.349392,0.001,0.001,False,-15.625,188,TRAIN,cont_asymptote_s000,cont_asymptote,661058651,0,0
P02,2,3,0.1,0.24,-13.779296,-1,0,288.0000000000002,-14.056086,0.001,0.001,False,-6.349392,189,TRAIN,cont_asymptote_s000,cont_asymptote,661058651,0,0
P02,2,4,0.1,0.24,-6.826012,-1,0,56.00000000000004,-7.103784,0.001,0.001,False,-14.056086,190,TRAIN,cont_asymptote_s000,cont_asymptote,661058651,0,0
P02,2,5,0.1,0.24,2.414394,1,1,6.0,2.137084,0.831,0.831,False,-7.103784,191,TRAIN,cont_asymptote_s000,cont_asymptote,661058651,0,0
P02,2,6,0.1,0.24,1.571247,1,1,93.00000000000007,1.789853,0.431,0.431,False,2.137084,192,TRAIN,cont_asymptote_s000,cont_asymptote,661058651,0,0
P02,2,7,0.1,0.24,10.42561,1,1,169.0000000000001,10.623264,0.431,0.431,False,1.789853,193,TRAIN,cont_asymptote_s000,cont_asymptote,661058651,0,0
P02,2,8,0.1,0.24,4.916272,1,1,731.0000000000006,5.194031,0.421,0.421,False,10.623264,194,TRAIN,cont_asymptote_s000,cont_asymptote,661058651,0,0
P02,2,9,0.1,0.24,5.61545,1,1,247.0000000000002,5.890117,0.421,0.421,False,5.194031,195,TRAIN,cont_asymptote_s000,cont_asymptote,661058651,0,0
P02,2,10,0.1,0.24,10.055022,1,1,369.0000000000003,10.331242,0.421,0.421,False,5.890117,196,TRAIN,cont_asymptote_s000,cont_asymptote,661058651,0,0
P02,2,11,0.1,0.24,6.383104,1,1,76.00000000000006,6.660858,0.421,0.421,False,10.331242,197,TRAIN,cont_asymptote_s000,cont_asymptote,661058651,0,0
P02,2,12,0.1,0.24,-10.979782,-1,0,862.0000000000007,-10.702729,0.421,0.421,False,6.660858,198,TRAIN,cont_asymptote_s000,cont_asymptote,661058651,0,0
P02,2,13,0.1,0.24,-15.366422,-1,0,401.0000000000003,-15.644181,0.421,0.421,False,-10.702729,199,TRAIN,cont_asymptote_s000,cont_asymptote,661058651,0,0
P02,2,14,0.1,0.24,-6.780998,-1,0,814.0000000000006,-7.05877,0.421,0.421,False,-15.644181,200,TRAIN,cont_asymptote_s000,cont_asymptote,661058651,0,0
P02,2,15,0.1,0.24,-8.513254,-1,0,955.0000000000007,-8.790543,0.421,0.421,False,-7.05877,201,TRAIN,cont_asymptote_s000,cont_asymptote,661058651,0,0
P02,2,16,0.1,0.24,3.423095,-1,1,619.0000000000005,3.145408,0.461,0.461,False,-8.790543,202,TRAIN,cont_asymptote_s000,cont_asymptote,661058651,0,0
P02,2,17,0.1,0.24,8.059439,1,1,887.0000000000007,8.314023,0.461,0.461,False,3.145408,203,TRAIN,cont_asymptote_s000,cont_asymptote,661058651,0,0
P02,2,18,0.1,0.24,6.095162,1,1,627.0000000000005,6.372796,0.451,0.451,False,8.314023,204,TRAIN,cont_asymptote_s000,cont_asymptote,661058651,0,0
P02,2,19,0.1,0.24,7.914599,1,1,426.00000000000034,8.191413,0.451,0.451,False,6.372796,205,TRAIN,cont_asymptote_s000,cont_asymptote,661058651,0,0
P02,2,20,0.1,0.24,-9.348369,-1,0,513.0000000000003,-9.070753,0.451,0.451,False,8.191413,206,TRAIN,cont_asymptote_s000,cont_asymptote,661058651,0,0
P02,2,21,0.1,0.24,-8.788025,-1,0,176.00000000000014,-9.065733,0.451,0.451,False,-9.070753,207,TRAIN,cont_asymptote_s000,cont_asymptote,661058651,0,0
P02,2,22,0.1,0.24,-11.947498,-1,0,908.0000000000007,-12.225205,0.451,0.451,False,-9.065733,208,TRAIN,cont_asymptote_s000,cont_asymptote,661058651,0,0
P02,2,23,0.1,0.24,-5.721877,-1,0,387.0000000000003,-5.999647,0.451,0.451,False,-12.225205,209,TRAIN,cont_asymptote_s000,cont_asymptote,661058651,0,0
P02,2,24,0.1,0.24,-9.805228,-1,0,232.00000000000017,-10.081609,0.451,0.451,False,-5.999647,210,TRAIN,cont_asymptote_s000,cont_asymptote,661058651,0,0
P02,2,25,0.1,0.24,-11.291953,-1,0,407.0000000000003,-11.569702,0.451,0.451,False,-10.081609,211,TRAIN,cont_asymptote_s000,cont_asymptote,661058651,0,0
P02,2,26,0.1,0.24,-4.281487,-1,0,1001.0000000000006,-4.559254,0.441,0.441,False,-11.569702,212,TRAIN,cont_asymptote_s000,cont_asymptote,661058651,0,0
P02,2,27,0.1,0.24,-11.069952,-1,0,98.00000000000007,-11.341897,0.441,0.441,False,-4.559254,213,TRAIN,cont_asymptote_s000,cont_asymptote,661058651,0,0
P02,2,28,0.1,0.24,-11.607113,-1,0,398.0000000000003,-11.884878,0.441,0.441,False,-11.341897,214,TRAIN,cont_asymptote_s000,cont_asymptote,661058651,0,0
P02,2,29,0.1,0.24,-9.296578,-1,0,569.0000000000003,-9.574347,0.441,0.441,False,-11.884878,215,TRAIN,cont_asymptote_s000,cont_asymptote,661058651,0,0
P02,2,30,0.1,0.24,8.612987,1,1,487.0000000000004,8.335254,0.441,0.441,False,-9.574347,216,TRAIN,cont_asymptote_s000,cont_asymptote,661058651,0,0
P02,2,31,0.1,0.24,7.622522,1,1,808.0000000000006,7.900159,0.441,0.441,False,8.335254,217,TEST,cont_asymptote_s000,cont_asymptote,661058651,0,0
P02,2,32,0.1,0.24,6.262905,1,1,126.00000000000009,6.540469,0.441,0.441,False,7.900159,218,TEST,cont_asymptote_s000,cont_asymptote,661058651,0,0
P02,2,33,0.1,0.24,9.072678,1,1,656.0000000000005,9.349639,0.441,0.441,False,6.540469,219,TEST,cont_asymptote_s000,cont_asymptote,661058651,0,0
P02,2,34,0.1,0.24,4.595784,1,1,619.0000000000005,4.873507,0.431,0.431,False,9.349639,220,TEST,cont_asymptote_s000,cont_asymptote,661058651,0,0
P02,2,35,0.1,0.24,15.625,1,1,534.0000000000003,15.898503,0.431,0.431,False,4.873507,221,TEST,cont_asymptote_s000,cont_asymptote,661058651,0,0
P02,2,36,0.1,0.24,10.329063,1,1,259.00000000000017,10.606835,0.431,0.431,False,15.898503,222,TEST,cont_asymptote_s000,cont_asymptote,661058651,0,0
P02,2,37,0.1,0.24,6.535615,1,1,524.0000000000003,6.813374,0.431,0.431,False,10.606835,223,TEST,cont_asymptote_s000,cont_asymptote,661058651,0,0
P02,2,38,0.1,0.24,6.901297,1,1,196.00000000000014,7.178452,0.431,0.431,False,6.813374,224,TEST,cont_asymptote_s000,cont_asymptote,661058651,0,0
P02,2,39,0.1,0.24,11.92308,1,1,98.00000000000007,12.200424,0.431,0.431,False,7.178452,225,TEST,cont_asymptote_s000,cont_asymptote,661058651,0,0
P02,2,40,0.1,0.24,14.186855,1,1,115.00000000000009,14.464625,0.431,0.431,False,12.200424,226,TEST,cont_asymptote_s000,cont_asymptote,661058651,0,0
P02,3,1,0.05,0.24,7.320388,1,1,1309.9999999999666,7.320388,0.001,0.001,True,0.0,227,TRAIN,cont_asymptote_s000,cont_asymptote,661058651,0,0
P02,3,2,0.05,0.24,9.881781,1,1,77.00000000000006,11.027113,0.001,0.001,False,7.320388,228,TRAIN,cont_asymptote_s000,cont_asymptote,661058651,0,0
P02,3,3,0.05,0.24,9.708622,1,1,339.0000000000002,10.855781,0.001,0.001,False,11.027113,229,TRAIN,cont_asymptote_s000,cont_asymptote,661058651,0,0
P02,3,4,0.05,0.24,8.255692,1,1,82.00000000000006,9.402842,0.001,0.001,False,10.855781,230,TRAIN,cont_asymptote_s000,cont_asymptote,661058651,0,0
P02,3,5,0.05,0.24,4.782997,1,1,629.0000000000005,5.929968,0.001,0.001,False,9.402842,231,TRAIN,cont_asymptote_s000,cont_asymptote,661058651,0,0
P02,3,6,0.05,0.24,8.301397,1,1,274.00000000000017,9.441108,0.001,0.001,False,5.929968,232,TRAIN,cont_asymptote_s000,cont_asymptote,661058651,0,0
P02,3,7,0.05,0.24,3.622081,1,1,341.0000000000002,4.769061,0.001,0.001,False,9.441108,233,TRAIN,cont_asymptote_s000,cont_asymptote,661058651,0,0
P02,3,8,0.05,0.24,8.656576,1,1,911.0000000000007,9.780091,0.001,0.001,False,4.769061,234,TRAIN,cont_asymptote_s000,cont_asymptote,661058651,0,0
P02,3,9,0.05,0.24,7.994141,1,1,258.00000000000017,9.141186,0.001,0.001,False,9.780091,235,TRAIN,cont_asymptote_s000,cont_asymptote,661058651,0,0
P02,3,10,0.05,0.24,5.590567,1,1,234.00000000000017,6.737468,0.001,0.001,False,9.141186,236,TRAIN,cont_asymptote_s000,cont_asymptote,661058651,0,0
P02,3,11,0.05,0.24,3.232216,1,1,945.0000000000007,4.37607,0.001,0.001,False,6.737468,237,TRAIN,cont_asymptote_s000,cont_asymptote,661058651,0,0
P02,3,12,0.05,0.24,8.559298,1,1,392.0000000000003,9.671649,0.001,0.001,False,4.37607,238,TRAIN,cont_asymptote_s000,cont_asymptote,661058651,0,0
P02,3,13,0.05,0.24,12.527365,1,1,667.0000000000005,13.674392,0.001,0.001,False,9.671649,239,TRAIN,cont_asymptote_s000,cont_asymptote,661058651,0,0
P02,3,14,0.05,0.24,11.657754,1,1,591.0000000000005,12.804956,0.001,0.001,False,13.674392,240,TRAIN,cont_asymptote_s000,cont_asymptote,661058651,0,0
P02,3,15,0.05,0.24,10.79737,1,1,918.0000000000007,11.944567,0.001,0.001,False,12.804956,241,TRAIN,cont_asymptote_s000,cont_asymptote,661058651,0,0
P02,3,16,0.05,0.24,1.185466,1,1,6.0,2.332653,0.001,0.001,False,11.944567,242,TRAIN,cont_asymptote_s000,cont_asymptote,661058651,0,0
P02,3,17,0.05,0.24,6.625665,1,1,1968.999999999894,7.536546,0.001,0.001,False,2.332653,243,TRAIN,cont_asymptote_s000,cont_asymptote,661058651,0,0
P02,3,18,0.05,0.24,6.86975,1,1,183.00000000000014,8.015446,0.001,0.001,False,7.536546,244,TRAIN,cont_asymptote_s000,cont_asymptote,661058651,0,0
P02,3,19,0.05,0.24,4.310758,1,1,976.0000000000008,5.457028,0.001,0.001,False,8.015446,245,TRAIN,cont_asymptote_s000,cont_asymptote,661058651,0,0
P02,3,20,0.05,0.24,7.629487,1,1,302.0000000000002,8.764699,0.001,0.001,False,5.457028,246,TRAIN,cont_asymptote_s000,cont_asymptote,661058651,0,0
P02,3,21,0.05,0.24,12.576009,1,1,444.00000000000034,13.722772,0.001,0.001,False,8.764699,247,TRAIN,cont_asymptote_s000,cont_asymptote,661058651,0,0
P02,3,22,0.05,0.24,6.026166,1,1,413.0000000000003,7.173367,0.001,0.001,False,13.722772,248,TRAIN,cont_asymptote_s000,cont_asymptote,661058651,0,0
P02,3,23,0.05,0.24,-2.645852,1,1,192.00000000000014,-1.500816,0.291,0.291,False,7.173367,249,TRAIN,cont_asymptote_s000,cont_asymptote,661058651,0,0
P02,3,24,0.05,0.24,10.345385,1,1,367.0000000000003,9.661674,0.291,0.291,False,-1.500816,250,TRAIN,cont_asymptote_s000,cont_asymptote,661058651,0,0
P02,3,25,0.05,0.24,13.923533,1,1,598.0000000000005,15.070558,0.291,0.291,False,9.661674,251,TRAIN,cont_asymptote_s000,cont_asymptote,661058651,0,0
P02,3,26,0.05,0.24,5.015357,1,1,108.00000000000009,6.162562,0.281,0.281,False,15.070558,252,TRAIN,cont_asymptote_s000,cont_asymptote,661058651,0,0
P02,3,27,0.05,0.24,4.501161,1,1,42.00000000000003,5.642421,0.281,0.281,False,6.162562,253,TRAIN,cont_asymptote_s000,cont_asymptote,661058651,0,0
P02,3,28,0.05,0.24,9.564834,1,1,190.00000000000014,10.702063,0.281,0.281,False,5.642421,254,TRAIN,cont_asymptote_s000,cont_asymptote,661058651,0,0
P02,3,29,0.05,0.24,6.777808,1,1,163.0000000000001,7.924949,0.281,0.281,False,10.702063,255,TRAIN,cont_asymptote_s000,cont_asymptote,661058651,0,0
P02,3,30,0.05,0.24,9.459146,1,1,320.0000000000002,10.605327,0.281,0.281,False,7.924949,256,TRAIN,cont_asymptote_s000,cont_asymptote,661058651,0,0
P02,3,31,0.05,0.24,-7.868525,-1,0,204.00000000000014,-6.72139,0.281,0.281,False,10.605327,257,TEST,cont_asymptote_s000,cont_asymptote,661058651,0,0
P02,3,32,0.05,0.24,10.199569,1,1,271.00000000000017,9.055769,0.281,0.281,False,-6.72139,258,TEST,cont_asymptote_s000,cont_asymptote,661058651,0,0
P02,3,33,0.05,0.24,12.131824,1,1,504.00000000000034,13.278698,0.281,0.281,False,9.055769,259,TEST,cont_asymptote_s000,cont_asymptote,661058651,0,0
P02,3,34,0.05,0.24,6.71334,1,1,616.0000000000005,7.86054,0.281,0.281,False,13.278698,260,TEST,cont_asymptote_s000,cont_asymptote,661058651,0,0
P02,3,35,0.05,0.24,13.557009,1,1,251.00000000000017,14.703122,0.281,0.281,False,7.86054,261,TEST,cont_asymptote_s000,cont_asymptote,661058651,0,0
P02,3,36,0.05,0.24,9.419999,1,1,95.00000000000007,10.567203,0.281,0.281,False,14.703122,262,TEST,cont_asymptote_s000,cont_asymptote,661058651,0,0
P02,3,37,0.05,0.24,12.881156,1,1,232.00000000000017,14.028288,0.281,0.281,False,10.567203,263,TEST,cont_asymptote_s000,cont_asymptote,661058651,0,0
P02,3,38,0.05,0.24,11.761599,1,1,306.0000000000002,12.908801,0.281,0.281,False,14.028288,264,TEST,cont_asymptote_s000,cont_asymptote,661058651,0,0
P02,3,39,0.05,0.24,1.527142,1,1,39.00000000000003,2.67434,0.241,0.241,False,12.908801,265,TEST,cont_asymptote_s000,cont_asymptote,661058651,0,0
P02,3,40,0.05,0.24,10.825466,1,1,168.0000000000001,11.797811,0.241,0.241,False,2.67434,266,TEST,cont_asymptote_s000,cont_asymptote,661058651,0,0
P02,4,1,0.3,0.24,-14.304465,-1,0,625.0000000000005,-14.304465,0.001,0.001,True,0.0,267,TRAIN,cont_asymptote_s000,cont_asymptote,661058651,0,0
P02,4,2,0.3,0.24,-8.265654,-1,0,864.0000000000007,-7.938774,0.001,0.001,False,-14.304465,268,TRAIN,cont_asymptote_s000,cont_asymptote,661058651,0,0
P02,4,3,0.3,0.24,-10.078384,-1,0,75.00000000000006,-9.751741,0.001,0.001,False,-7.938774,269,TRAIN,cont_asymptote_s000,cont_asymptote,661058651,0,0
P02,4,4,0.3,0.24,-11.813207,-1,0,300.0000000000002,-11.486366,0.001,0.001,False,-9.751741,270,TRAIN,cont_asymptote_s000,cont_asymptote,661058651,0,0
P02,4,5,0.3,0.24,-11.410444,-1,0,134.00000000000009,-11.083571,0.001,0.001,False,-11.486366,271,TRAIN,cont_asymptote_s000,cont_asymptote,661058651,0,0
P02,4,6,0.3,0.24,-5.831295,-1,0,142.00000000000009,-5.504425,0.001,0.001,False,-11.083571,272,TRAIN,cont_asymptote_s000,cont_asymptote,661058651,0,0
P02,4,7,0.3,0.24,-15.217564,-1,0,149.0000000000001,-14.89338,0.001,0.001,False,-5.504425,273,TRAIN,cont_asymptote_s000,cont_asymptote,661058651,0,0
P02,4,8,0.3,0.24,-8.327514,-1,0,82.00000000000006,-8.000634,0.001,0.001,False,-14.89338,274,TRAIN,cont_asymptote_s000,cont_asymptote,661058651,0,0
P02,4,9,0.3,0.24,-15.625,-1,0,54.00000000000004,-15.298343,0.001,0.001,False,-8.000634,275,TRAIN,cont_asymptote_s000,cont_asymptote,661058651,0,0
P02,4,10,0.3,0.24,-15.625,-1,0,80.00000000000006,-15.29812,0.001,0.001,False,-15.298343,276,TRAIN,cont_asymptote_s000,cont_asymptote,661058651,0,0
P02,4,11,0.3,0.24,-13.227271,-1,0,484.0000000000004,-12.900392,0.001,0.001,False,-15.29812,277,TRAIN,cont_asymptote_s000,cont_asymptote,661058651,0,0
P02,4,12,0.3,0.24,-10.268798,-1,0,225.00000000000017,-9.94192,0.001,0.001,False,-12.900392,278,TRAIN,cont_asymptote_s000,cont_asymptote,661058651,0,0
P02,4,13,0.3,0.24,10.65242,1,1,456.00000000000034,10.979268,0.071,0.071,False,-9.94192,279,TRAIN,cont_asymptote_s000,cont_asymptote,661058651,0,0
P02,4,14,0.3,0.24,12.426453,1,1,62.00000000000005,12.099584,0.071,0.071,False,10.979268,280,TRAIN,cont_asymptote_s000,cont_asymptote,661058651,0,0
P02,4,15,0.3,0.24,10.020247,1,1,518.0000000000003,9.693371,0.071,0.071,False,12.099584,281,TRAIN,cont_asymptote_s000,cont_asymptote,661058651,0,0
P02,4,16,0.3,0.24,14.827992,1,1,154.0000000000001,14.501153,0.071,0.071,False,9.693371,282,TRAIN,cont_asymptote_s000,cont_asymptote,661058651,0,0
P02,4,17,0.3,0.24,5.498198,1,1,71.00000000000004,5.171318,0.051,0.051,False,14.501153,283,TRAIN,cont_asymptote_s000,cont_asymptote,661058651,0,0
P02,4,18,0.3,0.24,-8.12593,-1,0,557.0000000000003,-8.449055,0.171,0.171,False,5.171318,284,TRAIN,cont_asymptote_s000,cont_asymptote,661058651,0,0
P02,4,19,0.3,0.24,8.593747,1,1,474.00000000000034,8.920485,0.201,0.201,False,-8.449055,285,TRAIN,cont_asymptote_s000,cont_asymptote,661058651,0,0
P02,4,20,0.3,0.24,10.84706,1,1,162.0000000000001,10.520269,0.201,0.201,False,8.920485,286,TRAIN,cont_asymptote_s000,cont_asymptote,661058651,0,0
P02,4,21,0.3,0.24,4.36139,1,1,413.0000000000003,4.034528,0.131,0.131,False,10.520269,287,TRAIN,cont_asymptote_s000,cont_asymptote,661058651,0,0
P02,4,22,0.3,0.24,7.468522,1,1,350.0000000000002,7.153201,0.131,0.131,False,4.034528,288,TRAIN,cont_asymptote_s000,cont_asymptote,661058651,0,0
P02,4,23,0.3,0.24,-8.804827,-1,0,429.00000000000034,-9.131187,0.151,0.151,False,7.153201,289,TRAIN,cont_asymptote_s000,cont_asymptote,661058651,0,0
P02,4,24,0.3,0.24,-2.273838,-1,0,11.000000000000004,-1.94703,0.071,0.071,False,-9.131187,290,TRAIN,cont_asymptote_s000,cont_asymptote,661058651,0,0
P02,4,25,0.3,0.24,13.239772,1,1,349.0000000000002,13.484059,0.071,0.071,False,-1.94703,291,TRAIN,cont_asymptote_s000,cont_asymptote,661058651,0,0
P02,4,26,0.3,0.24,-9.608902,-1,0,470.00000000000034,-9.935781,0.071,0.071,False,13.484059,292,TRAIN,cont_asymptote_s000,cont_asymptote,661058651,0,0
P02,4,27,0.3,0.24,-5.82178,-1,0,565.0000000000003,-5.494933,0.071,0.071,False,-9.935781,293,TRAIN,cont_asymptote_s000,cont_asymptote,661058651,0,0
P02,4,28,0.3,0.24,-13.581575,-1,0,225.00000000000017,-13.257416,0.071,0.071,False,-5.494933,294,TRAIN,cont_asymptote_s000,cont_asymptote,661058651,0,0
P02,4,29,0.3,0.24,-10.101998,-1,0,377.0000000000003,-9.775119,0.071,0.071,False,-13.257416,295,TRAIN,cont_asymptote_s000,cont_asymptote,661058651,0,0
P02,4,30,0.3,0.24,7.490093,1,1,1237.9999999999745,7.816935,0.091,0.091,False,-9.775119,296,TRAIN,cont_asymptote_s000,cont_asymptote,661058651,0,0
P02,4,31,0.3,0.24,-1.322319,-1,1,85.00000000000006,-1.64893,0.581,0.581,False,7.816935,297,TEST,cont_asymptote_s000,cont_asymptote,661058651,0,0
P02,4,32,0.3,0.24,6.233863,1,1,706.0000000000006,6.454258,0.581,0.581,False,-1.64893,298,TEST,cont_asymptote_s000,cont_asymptote,661058651,0,0
P02,4,33,0.3,0.24,6.739776,1,1,413.0000000000003,6.413942,0.581,0.581,False,6.454258,299,TEST,cont_asymptote_s000,cont_asymptote,661058651,0,0
P02,4,34,0.3,0.24,14.361592,1,1,375.0000000000003,14.035801,0.581,0.581,False,6.413942,300,TEST,cont_asymptote_s000,cont_asymptote,661058651,0,0
P02,4,35,0.3,0.24,9.924287,1,1,630.0000000000005,9.597408,0.581,0.581,False,14.035801,301,TEST,cont_asymptote_s000,cont_asymptote,661058651,0,0
P02,4,36,0.3,0.24,9.683776,1,1,467.00000000000034,9.356941,0.581,0.581,False,9.597408,302,TEST,cont_asymptote_s000,cont_asymptote,661058651,0,0
P02,4,37,0.3,0.24,5.369967,1,1,467.00000000000034,5.043145,0.581,0.581,False,9.356941,303,TEST,cont_asymptote_s000,cont_asymptote,661058651,0,0
P02,4,38,0.3,0.24,8.737786,1,1,538.0000000000003,8.415171,0.581,0.581,False,5.043145,304,TEST,cont_asymptote_s000,cont_asymptote,661058651,0,0
P02,4,39,0.3,0.24,12.787129,1,1,443.00000000000034,12.460396,0.581,0.581,False,8.415171,305,TEST,cont_asymptote_s000,cont_asymptote,661058651,0,0
P02,4,40,0.3,0.24,9.278616,1,1,368.0000000000003,8.951739,0.581,0.581,False,12.460396,306,TEST,cont_asymptote_s000,cont_asymptote,661058651,0,0
P03,1,1,0.05,0.24,-4.369228,-1,0,3575.999999999717,-4.369228,0.001,0.001,True,0.0,307,TRAIN,cont_asymptote_s000,cont_asymptote,661058651,0,0
P03,1,2,0.05,0.24,-11.858386,-1,0,240.0000000000002,-14.96763,0.001,0.001,False,-4.369228,308,TRAIN,cont_asymptote_s000,cont_asymptote,661058651,0,0
P03,1,3,0.05,0.24,-12.604174,-1,0,187.00000000000014,-16.046441,0.001,0.001,False,-14.96763,309,TRAIN,cont_asymptote_s000,cont_asymptote,661058651,0,0
P03,1,4,0.05,0.24,-6.761088,-1,0,197.00000000000014,-10.203362,0.001,0.001,False,-16.046441,310,TRAIN,cont_asymptote_s000,cont_asymptote,661058651,0,0
P03,1,5,0.05,0.24,-6.696168,-1,0,1161.9999999999827,-10.137289,0.001,0.001,False,-10.203362,311,TRAIN,cont_asymptote_s000,cont_asymptote,661058651,0,0
P03,1,6,0.05,0.24,-10.75467,-1,0,401.0000000000003,-14.195713,0.001,0.001,False,-10.137289,312,TRAIN,cont_asymptote_s000,cont_asymptote,661058651,0,0
P03,1,7,0.05,0.24,-6.443653,-1,0,968.0000000000008,-9.885909,0.001,0.001,False,-14.195713,313,TRAIN,cont_asymptote_s000,cont_asymptote,661058651,0,0
P03,1,8,0.05,0.24,-9.016778,-1,0,157.0000000000001,-12.457467,0.001,0.001,False,-9.885909,314,TRAIN,cont_asymptote_s000,cont_asymptote,661058651,0,0
P03,1,9,0.05,0.24,-4.445983,-1,0,123.0000000000001,-7.888139,0.001,0.001,False,-12.457467,315,TRAIN,cont_asymptote_s000,cont_asymptote,661058651,0,0
P03,1,10,0.05,0.24,-15.582326,-1,0,501.00000000000034,-19.012957,0.001,0.001,False,-7.888139,316,TRAIN,cont_asymptote_s000,cont_asymptote,661058651,0,0
P03,1,11,0.05,0.24,12.933866,1,1,1461.9999999999498,9.491589,0.011,0.011,False,-19.012957,317,TRAIN,cont_asymptote_s000,cont_asymptote,661058651,0,0
P03,1,12,0.05,0.24,-10.498678,-1,0,930.0000000000007,-7.058755,0.041,0.041,False,9.491589,318,TRAIN,cont_asymptote_s000,cont_asymptote,661058651,0,0
P03,1,13,0.05,0.24,-13.399332,-1,0,681.0000000000005,-16.815115,0.041,0.041,False,-7.058755,319,TRAIN,cont_asymptote_s000,cont_asymptote,661058651,0,0
P03,1,14,0.05,0.24,1.138615,-1,1,6.0,-2.303661,0.001,0.001,False,-16.815115,320,TRAIN,cont_asymptote_s000,cont_asymptote,661058651,0,0
P03,1,15,0.05,0.24,7.277424,1,1,871.0000000000007,5.248402,0.011,0.011,False,-2.303661,321,TRAIN,cont_asymptote_s000,cont_asymptote,661058651,0,0
P03,1,16,0.05,0.24,2.594768,1,1,55.00000000000004,5.885103,0.011,0.011,False,5.248402,322,TRAIN,cont_asymptote_s000,cont_asymptote,661058651,0,0
P03,1,17,0.05,0.24,8.842218,1,1,135.00000000000009,12.201241,0.011,0.011,False,5.885103,323,TRAIN,cont_asymptote_s000,cont_asymptote,661058651,0,0
P03,1,18,0.05,0.24,-7.622578,1,0,145.0000000000001,-4.180458,0.001,0.001,False,12.201241,324,TRAIN,cont_asymptote_s000,cont_asymptote,661058651,0,0
P03,1,19,0.05,0.24,-5.142624,-1,0,526.0000000000003,-8.194713,0.001,0.001,False,-4.180458,325,TRAIN,cont_asymptote_s000,cont_asymptote,661058651,0,0
P03,1,20,0.05,0.24,-9.703624,-1,0,503.00000000000034,-13.137316,0.001,0.001,False,-8.194713,326,TRAIN,cont_asymptote_s000,cont_asymptote,661058651,0,0
P03,1,21,0.05,0.24,-13.07453,-1,0,220.00000000000017,-16.516746,0.001,0.001,False,-13.137316,327,TRAIN,cont_asymptote_s000,cont_asymptote,661058651,0,0
P03,1,22,0.05,0.24,-6.187045,-1,0,125.00000000000009,-9.62932,0.001,0.001,False,-16.516746,328,TRAIN,cont_asymptote_s000,cont_asymptote,661058651,0,0
P03,1,23,0.05,0.24,-4.360404,-1,0,231.00000000000017,-7.80063,0.001,0.001,False,-9.62932,329,TRAIN,cont_asymptote_s000,cont_asymptote,661058651,0,0
P03,1,24,0.05,0.24,-4.931539,-1,0,1639.9999999999302,-8.361112,0.001,0.001,False,-7.80063,330,TRAIN,cont_asymptote_s000,cont_asymptote,661058651,0,0
P03,1,25,0.05,0.24,-12.22373,-1,0,326.0000000000002,-15.658733,0.001,0.001,False,-8.361112,331,TRAIN,cont_asymptote_s000,cont_asymptote,661058651,0,0
P03,1,26,0.05,0.24,-10.925936,-1,0,455.00000000000034,-14.368208,0.001,0.001,False,-15.658733,332,TRAIN,cont_asymptote_s000,cont_asymptote,661058651,0,0
P03,1,27,0.05,0.24,-9.550095,-1,0,341.0000000000002,-12.992354,0.001,0.001,False,-14.368208,333,TRAIN,cont_asymptote_s000,cont_asymptote,661058651,0,0
P03,1,28,0.05,0.24,1.400417,-1,0,117.00000000000009,-2.041789,0.011,0.011,False,-12.992354,334,TRAIN,cont_asymptote_s000,cont_asymptote,661058651,0,0
P03,1,29,0.05,0.24,-6.089533,-1,0,858.0000000000007,-7.915146,0.011,0.011,False,-2.041789,335,TRAIN,cont_asymptote_s000,cont_asymptote,661058651,0,0
P03,1,30,0.05,0.24,11.432953,1,1,1430.9999999999532,8.002013,0.011,0.011,False,-7.915146,336,TRAIN,cont_asymptote_s000,cont_asymptote,661058651,0,0
P03,1,31,0.05,0.24,-5.256714,-1,0,597.0000000000005,-1.824836,0.031,0.031,False,8.002013,337,TEST,cont_asymptote_s000,cont_asymptote,661058651,0,0
P03,1,32,0.05,0.24,-12.272212,-1,0,256.00000000000017,-13.921201,0.031,0.031,False,-1.824836,338,TEST,cont_asymptote_s000,cont_asymptote,661058651,0,0
P03,1,33,0.05,0.24,-4.186203,-1,0,268.00000000000017,-7.628452,0.031,0.031,False,-13.921201,339,TEST,cont_asymptote_s000,cont_asymptote,661058651,0,0
P03,1,34,0.05,0.24,-10.443104,-1,0,156.0000000000001,-13.870307,0.031,0.031,False,-7.628452,340,TEST,cont_asymptote_s000,cont_asymptote,661058651,0,0
P03,1,35,0.05,0.24,-14.485509,-1,0,124.0000000000001,-17.927757,0.031,0.031,False,-13.870307,341,TEST,cont_asymptote_s000,cont_asymptote,661058651,0,0
P03,1,36,0.05,0.24,-4.746216,-1,0,261.00000000000017,-8.188493,0.031,0.031,False,-17.927757,342,TEST,cont_asymptote_s000,cont_asymptote,661058651,0,0
P03,1,37,0.05,0.24,-10.598072,-1,0,151.0000000000001,-14.031711,0.031,0.031,False,-8.188493,343,TEST,cont_asymptote_s000,cont_asymptote,661058651,0,0
P03,1,38,0.05,0.24,-7.956457,-1,0,144.0000000000001,-11.398709,0.031,0.031,False,-14.031711,344,TEST,cont_asymptote_s000,cont_asymptote,661058651,0,0
P03,1,39,0.05,0.24,-3.536125,-1,0,2140.9999999998754,-6.978052,0.031,0.031,False,-11.398709,345,TEST,cont_asymptote_s000,cont_asymptote,661058651,0,0
P03,1,40,0.05,0.24,-4.866495,-1,0,61.00000000000005,-8.280082,0.031,0.031,False,-6.978052,346,TEST,cont_asymptote_s000,cont_asymptote,661058651,0,0
P03,2,1,0.3,0.24,10.546423,1,1,1061.9999999999939,10.546423,0.001,0.001,True,0.0,347,TRAIN,cont_asymptote_s000,cont_asymptote,661058651,0,0
P03,2,2,0.3,0.24,4.185889,1,1,4897.99999999997,4.141884,0.001,0.001,False,10.546423,348,TRAIN,cont_asymptote_s000,cont_asymptote,661058651,0,0
P03,2,3,0.3,0.24,6.565596,1,1,1550.99999999994,6.522967,0.001,0.001,False,4.141884,349,TRAIN,cont_asymptote_s000,cont_asymptote,661058651,0,0
P03,2,4,0.3,0.24,6.321279,1,1,605.0000000000005,6.277401,0.001,0.001,False,6.522967,350,TRAIN,cont_asymptote_s000,cont_asymptote,661058651,0,0
P03,2,5,0.3,0.24,5.785744,1,1,239.00000000000017,5.741902,0.001,0.001,False,6.277401,351,TRAIN,cont_asymptote_s000,cont_asymptote,661058651,0,0
P03,2,6,0.3,0.24,-1.486485,-1,0,7.0,-1.53021,0.761,0.761,False,5.741902,352,TRAIN,cont_asymptote_s000,cont_asymptote,661058651,0,0
P03,2,7,0.3,0.24,13.545778,1,1,208.00000000000017,13.574119,0.761,0.761,False,-1.53021,353,TRAIN,cont_asymptote_s000,cont_asymptote,661058651,0,0
P03,2,8,0.3,0.24,2.785248,-1,1,151.0000000000001,2.741241,0.611,0.611,False,13.574119,354,TRAIN,cont_asymptote_s000,cont_asymptote,661058651,0,0
P03,2,9,0.3,0.24,5.800753,1,1,66.00000000000004,5.76208,0.611,0.611,False,2.741241,355,TRAIN,cont_asymptote_s000,cont_asymptote,661058651,0,0
P03,2,10,0.3,0.24,-8.05797,-1,0,436.00000000000034,-8.101701,0.611,0.611,False,5.76208,356,TRAIN,cont_asymptote_s000,cont_asymptote,661058651,0,0
P03,2,11,0.3,0.24,9.636888,1,1,189.00000000000014,9.680869,0.611,0.611,False,-8.101701,357,TRAIN,cont_asymptote_s000,cont_asymptote,661058651,0,0
P03,2,12,0.3,0.24,-8.289551,-1,0,69.00000000000004,-8.333552,0.611,0.611,False,9.680869,358,TRAIN,cont_asymptote_s000,cont_asymptote,661058651,0,0
P03,2,13,0.3,0.24,-1.573824,-1,0,77.00000000000006,-1.529838,0.451,0.451,False,-8.333552,359,TRAIN,cont_asymptote_s000,cont_asymptote,661058651,0,0
P03,2,14,0.3,0.24,-5.632063,-1,0,412.0000000000003,-5.603726,0.451,0.451,False,-1.529838,360,TRAIN,cont_asymptote_s000,cont_asymptote,661058651,0,0
P03,2,15,0.3,0.24,-11.883773,-1,0,168.0000000000001,-11.840089,0.451,0.451,False,-5.603726,361,TRAIN,cont_asymptote_s000,cont_asymptote,661058651,0,0
P03,2,16,0.3,0.24,5.407289,1,1,817.0000000000006,5.451295,0.451,0.451,False,-11.840089,362,TRAIN,cont_asymptote_s000,cont_asymptote,661058651,0,0
P03,2,17,0.3,0.24,-9.8203,-1,0,450.00000000000034,-9.863931,0.451,0.451,False,5.451295,363,TRAIN,cont_asymptote_s000,cont_asymptote,661058651,0,0
P03,2,18,0.3,0.24,10.189343,1,1,275.00000000000017,10.233345,0.451,0.451,False,-9.863931,364,TRAIN,cont_asymptote_s000,cont_asymptote,661058651,0,0
P03,2,19,0.3,0.24,-6.115493,-1,0,177.00000000000014,-6.159497,0.461,0.461,False,10.233345,365,TRAIN,cont_asymptote_s000,cont_asymptote,661058651,0,0
P03,2,20,0.3,0.24,-4.416879,-1,0,283.00000000000017,-4.373057,0.451,0.451,False,-6.159497,366,TRAIN,cont_asymptote_s000,cont_asymptote,661058651,0,0
P03,2,21,0.3,0.24,-6.272916,-1,0,236.00000000000017,-6.230006,0.451,0.451,False,-4.373057,367,TRAIN,cont_asymptote_s000,cont_asymptote,661058651,0,0
P03,2,22,0.3,0.24,-0.946114,1,0,257.00000000000017,-0.90228,0.341,0.341,False,-6.230006,368,TRAIN,cont_asymptote_s000,cont_asymptote,661058651,0,0
P03,2,23,0.3,0.24,-9.156891,-1,0,521.0000000000003,-9.138285,0.511,0.511,False,-0.90228,369,TRAIN,cont_asymptote_s000,cont_asymptote,661058651,0,0
P03,2,24,0.3,0.24,-8.968294,-1,0,339.0000000000002,-8.924297,0.511,0.511,False,-9.138285,370,TRAIN,cont_asymptote_s000,cont_asymptote,661058651,0,0
P03,2,25,0.3,0.24,-9.862473,-1,0,617.0000000000005,-9.818477,0.511,0.511,False,-8.924297,371,TRAIN,cont_asymptote_s000,cont_asymptote,661058651,0,0
P03,2,26,0.3,0.24,8.606987,1,1,478.00000000000034,8.650989,0.511,0.511,False,-9.818477,372,TRAIN,cont_asymptote_s000,cont_asymptote,661058651,0,0
P03,2,27,0.3,0.24,-6.379015,-1,0,155.0000000000001,-6.423007,0.511,0.511,False,8.650989,373,TRAIN,cont_asymptote_s000,cont_asymptote,661058651,0,0
P03,2,28,0.3,0.24,-9.780321,-1,0,1115.999999999988,-9.736456,0.511,0.511,False,-6.423007,374,TRAIN,cont_asymptote_s000,cont_asymptote,661058651,0,0
P03,2,29,0.3,0.24,-5.458357,-1,0,106.00000000000009,-5.414355,0.511,0.511,False,-9.736456,375,TRAIN,cont_asymptote_s000,cont_asymptote,661058651,0,0
P03,2,30,0.3,0.24,-13.491708,-1,0,165.0000000000001,-13.448091,0.511,0.511,False,-5.414355,376,TRAIN,cont_asymptote_s000,cont_asymptote,661058651,0,0
P03,2,31,0.3,0.24,-3.79513,-1,0,150.0000000000001,-3.751123,0.511,0.511,False,-13.448091,377,TEST,cont_asymptote_s000,cont_asymptote,661058651,0,0
P03,2,32,0.3,0.24,10.299103,1,1,605.0000000000005,10.341089,0.511,0.511,False,-3.751123,378,TEST,cont_asymptote_s000,cont_asymptote,661058651,0,0
P03,2,33,0.3,0.24,5.95158,1,1,79.00000000000006,5.907576,0.511,0.511,False,10.341089,379,TEST,cont_asymptote_s000,cont_asymptote,661058651,0,0
P03,2,34,0.3,0.24,8.375251,1,1,217.00000000000017,8.331482,0.511,0.511,False,5.907576,380,TEST,cont_asymptote_s000,cont_asymptote,661058651,0,0
P03,2,35,0.3,0.24,-14.873962,-1,0,343.0000000000002,-14.917948,0.511,0.511,False,8.331482,381,TEST,cont_asymptote_s000,cont_asymptote,661058651,0,0
P03,2,36,0.3,0.24,-6.525957,-1,0,1002.0000000000005,-6.48195,0.511,0.511,False,-14.917948,382,TEST,cont_asymptote_s000,cont_asymptote,661058651,0,0
P03,2,37,0.3,0.24,-5.328047,-1,0,269.00000000000017,-5.284175,0.511,0.511,False,-6.48195,383,TEST,cont_asymptote_s000,cont_asymptote,661058651,0,0
P03,2,38,0.3,0.24,-13.992276,-1,0,240.0000000000002,-13.948713,0.511,0.511,False,-5.284175,384,TEST,cont_asymptote_s000,cont_asymptote,661058651,0,0
P03,2,39,0.3,0.24,-7.423839,-1,0,1487.999999999947,-7.379832,0.511,0.511,False,-13.948713,385,TEST,cont_asymptote_s000,cont_asymptote,661058651,0,0
P03,2,40,0.3,0.24,-8.668375,-1,0,160.0000000000001,-8.624423,0.511,0.511,False,-7.379832,386,TEST,cont_asymptote_s000,cont_asymptote,661058651,0,0
P03,3,1,0.1,0.24,-4.509215,-1,0,675.0000000000005,-4.509215,0.001,0.001,True,0.0,387,TRAIN,cont_asymptote_s000,cont_asymptote,661058651,0,0
P03,3,2,0.1,0.24,-5.009497,-1,0,659.0000000000005,-8.820465,0.001,0.001,False,-4.509215,388,TRAIN,cont_asymptote_s000,cont_asymptote,661058651,0,0
P03,3,3,0.1,0.24,-8.777015,-1,0,490.0000000000004,-13.262625,0.001,0.001,False,-8.820465,389,TRAIN,cont_asymptote_s000,cont_asymptote,661058651,0,0
P03,3,4,0.1,0.24,-9.552681,-1,0,110.00000000000009,-14.051324,0.001,0.001,False,-13.262625,390,TRAIN,cont_asymptote_s000,cont_asymptote,661058651,0,0
P03,3,5,0.1,0.24,-10.632237,-1,0,114.00000000000009,-15.130965,0.001,0.001,False,-14.051324,391,TRAIN,cont_asymptote_s000,cont_asymptote,661058651,0,0
P03,3,6,0.1,0.24,-9.712358,-1,0,621.0000000000005,-14.211133,0.001,0.001,False,-15.130965,392,TRAIN,cont_asymptote_s000,cont_asymptote,661058651,0,0
P03,3,7,0.1,0.24,-15.625,-1,0,233.00000000000017,-20.123739,0.001,0.001,False,-14.211133,393,TRAIN,cont_asymptote_s000,cont_asymptote,661058651,0,0
P03,3,8,0.1,0.24,-5.430824,-1,0,330.0000000000002,-9.929623,0.001,0.001,False,-20.123739,394,TRAIN,cont_asymptote_s000,cont_asymptote,661058651,0,0
P03,3,9,0.1,0.24,-7.120969,-1,0,296.0000000000002,-11.615399,0.001,0.001,False,-9.929623,395,TRAIN,cont_asymptote_s000,cont_asymptote,661058651,0,0
P03,3,10,0.1,0.24,-15.625,-1,0,253.00000000000017,-20.122988,0.001,0.001,False,-11.615399,396,TRAIN,cont_asymptote_s000,cont_asymptote,661058651,0,0
P03,3,11,0.1,0.24,-15.625,-1,0,96.00000000000007,-20.123799,0.001,0.001,False,-20.122988,397,TRAIN,cont_asymptote_s000,cont_asymptote,661058651,0,0
P03,3,12,0.1,0.24,-12.716759,-1,0,383.0000000000003,-17.215557,0.001,0.001,False,-20.123799,398,TRAIN,cont_asymptote_s000,cont_asymptote,661058651,0,0
P03,3,13,0.1,0.24,-7.518425,-1,0,434.00000000000034,-12.017221,0.001,0.001,False,-17.215557,399,TRAIN,cont_asymptote_s000,cont_asymptote,661058651,0,0
P03,3,14,0.1,0.24,-14.890922,-1,0,626.0000000000005,-19.389179,0.001,0.001,False,-12.017221,400,TRAIN,cont_asymptote_s000,cont_asymptote,661058651,0,0
P03,3,15,0.1,0.24,-6.789761,-1,0,344.0000000000002,-11.28856,0.001,0.001,False,-19.389179,401,TRAIN,cont_asymptote_s000,cont_asymptote,661058651,0,0
P03,3,16,0.1,0.24,-2.977017,-1,0,99.00000000000007,-7.474692,0.001,0.001,False,-11.28856,402,TRAIN,cont_asymptote_s000,cont_asymptote,661058651,0,0
P03,3,17,0.1,0.24,-12.055302,-1,0,262.00000000000017,-16.504363,0.001,0.001,False,-7.474692,403,TRAIN,cont_asymptote_s000,cont_asymptote,661058651,0,0
P03,3,18,0.1,0.24,-10.263682,-1,0,197.00000000000014,-14.762475,0.001,0.001,False,-16.504363,404,TRAIN,cont_asymptote_s000,cont_asymptote,661058651,0,0
P03,3,19,0.1,0.24,9.54693,1,1,1370.9999999999598,5.048166,0.031,0.031,False,-14.762475,405,TRAIN,cont_asymptote_s000,cont_asymptote,661058651,0,0
P03,3,20,0.1,0.24,9.933285,1,1,532.0000000000003,13.976432,0.031,0.031,False,5.048166,406,TRAIN,cont_asymptote_s000,cont_asymptote,661058651,0,0
P03,3,21,0.1,0.24,5.155407,1,1,347.0000000000002,9.65413,0.031,0.031,False,13.976432,407,TRAIN,cont_asymptote_s000,cont_asymptote,661058651,0,0
P03,3,22,0.1,0.24,7.236577,1,1,171.0000000000001,11.729625,0.031,0.031,False,9.65413,408,TRAIN,cont_asymptote_s000,cont_asymptote,661058651,0,0
P03,3,23,0.1,0.24,8.165405,1,1,562.0000000000003,12.66348,0.031,0.031,False,11.729625,409,TRAIN,cont_asymptote_s000,cont_asymptote,661058651,0,0
P03,3,24,0.1,0.24,4.706404,1,1,301.0000000000002,9.204919,0.031,0.031,False,12.66348,410,TRAIN,cont_asymptote_s000,cont_asymptote,661058651,0,0
P03,3,25,0.1,0.24,15.625,1,1,239.00000000000017,20.114801,0.031,0.031,False,9.204919,411,TRAIN,cont_asymptote_s000,cont_asymptote,661058651,0,0
P03,3,26,0.1,0.24,15.625,1,1,166.0000000000001,20.123799,0.031,0.031,False,20.114801,412,TRAIN,cont_asymptote_s000,cont_asymptote,661058651,0,0
P03,3,27,0.1,0.24,15.625,1,1,131.00000000000009,20.123799,0.031,0.031,False,20.123799,413,TRAIN,cont_asymptote_s000,cont_asymptote,661058651,0,0
P03,3,28,0.1,0.24,-10.091931,-1,0,2135.999999999876,-5.593132,0.001,0.001,False,20.123799,414,TRAIN,cont_asymptote_s000,cont_asymptote,661058651,0,0
P03,3,29,0.1,0.24,-10.733926,-1,0,262.00000000000017,-14.944013,0.001,0.001,False,-5.593132,415,TRAIN,cont_asymptote_s000,cont_asymptote,661058651,0,0
P03,3,30,0.1,0.24,2.713739,-1,1,74.00000000000006,-1.785031,0.001,0.001,False,-14.944013,416,TRAIN,cont_asymptote_s000,cont_asymptote,661058651,0,0
P03,3,31,0.1,0.24,15.625,1,1,854.0000000000007,13.902286,0.001,0.001,False,-1.785031,417,TEST,cont_asymptote_s000,cont_asymptote,661058651,0,0
P03,3,32,0.1,0.24,6.87324,1,1,84.00000000000006,11.371957,0.001,0.001,False,13.902286,418,TEST,cont_asymptote_s000,cont_asymptote,661058651,0,0
P03,3,33,0.1,0.24,7.623061,1,1,486.0000000000004,12.120826,0.001,0.001,False,11.371957,419,TEST,cont_asymptote_s000,cont_asymptote,661058651,0,0
P03,3,34,0.1,0.24,3.157105,1,1,108.00000000000009,7.655415,0.001,0.001,False,12.120826,420,TEST,cont_asymptote_s000,cont_asymptote,661058651,0,0
P03,3,35,0.1,0.24,10.942047,1,1,135.00000000000009,15.399163,0.001,0.001,False,7.655415,421,TEST,cont_asymptote_s000,cont_asymptote,661058651,0,0
P03,3,36,0.1,0.24,-5.815297,-1,0,1038.9999999999964,-1.316517,0.011,0.011,False,15.399163,422,TEST,cont_asymptote_s000,cont_asymptote,661058651,0,0
P03,3,37,0.1,0.24,-11.358951,-1,0,896.0000000000007,-12.637792,0.011,0.011,False,-1.316517,423,TEST,cont_asymptote_s000,cont_asymptote,661058651,0,0
P03,3,38,0.1,0.24,-4.156943,-1,0,31.00000000000002,-8.65545,0.011,0.011,False,-12.637792,424,TEST,cont_asymptote_s000,cont_asymptote,661058651,0,0
P03,3,39,0.1,0.24,-6.800345,-1,0,1218.9999999999766,-11.283607,0.011,0.011,False,-8.65545,425,TEST,cont_asymptote_s000,cont_asymptote,661058651,0,0
P03,3,40,0.1,0.24,-8.674533,-1,0,190.00000000000014,-13.172202,0.011,0.011,False,-11.283607,426,TEST,cont_asymptote_s000,cont_asymptote,661058651,0,0
P03,4,1,0.5,0.24,-0.917696,1,0,1317.9999999999657,-0.917696,0.001,0.001,True,0.0,427,TRAIN,cont_asymptote_s000,cont_asymptote,661058651,0,0
P03,4,2,0.5,0.24,-5.37361,-1,0,1044.9999999999957,-6.146303,0.001,0.001,False,-0.917696,428,TRAIN,cont_asymptote_s000,cont_asymptote,661058651,0,0
P03,4,3,0.5,0.24,-1.983925,-1,0,61.00000000000005,-4.527884,0.001,0.001,False,-6.146303,429,TRAIN,cont_asymptote_s000,cont_asymptote,661058651,0,0
P03,4,4,0.5,0.24,-9.905521,-1,0,446.00000000000034,-12.345556,0.001,0.001,False,-4.527884,430,TRAIN,cont_asymptote_s000,cont_asymptote,661058651,0,0
P03,4,5,0.5,0.24,-5.009326,-1,0,321.0000000000002,-7.580698,0.001,0.001,False,-12.345556,431,TRAIN,cont_asymptote_s000,cont_asymptote,661058651,0,0
P03,4,6,0.5,0.24,-8.753677,-1,0,739.0000000000006,-11.318491,0.001,0.001,False,-7.580698,432,TRAIN,cont_asymptote_s000,cont_asymptote,661058651,0,0
P03,4,7,0.5,0.24,-8.384756,-1,0,199.00000000000014,-10.956027,0.001,0.001,False,-11.318491,433,TRAIN,cont_asymptote_s000,cont_asymptote,661058651,0,0
P03,4,8,0.5,0.24,-4.692403,-1,0,1102.9999999999893,-7.263605,0.001,0.001,False,-10.956027,434,TRAIN,cont_asymptote_s000,cont_asymptote,661058651,0,0
P03,4,9,0.5,0.24,13.881381,1,1,1505.999999999945,11.319024,0.001,0.001,False,-7.263605,435,TRAIN,cont_asymptote_s000,cont_asymptote,661058651,0,0
P03,4,10,0.5,0.24,7.324147,1,1,283.00000000000017,9.895418,0.001,0.001,False,11.319024,436,TRAIN,cont_asymptote_s000,cont_asymptote,661058651,0,0
P03,4,11,0.5,0.24,-15.625,-1,0,1033.9999999999968,-13.054227,0.001,0.001,False,9.895418,437,TRAIN,cont_asymptote_s000,cont_asymptote,661058651,0,0
P03,4,12,0.5,0.24,9.543696,1,1,2064.9999999998836,6.972295,0.021,0.021,False,-13.054227,438,TRAIN,cont_asymptote_s000,cont_asymptote,661058651,0,0
P03,4,13,0.5,0.24,-11.095432,-1,0,2757.999999999807,-8.536124,0.021,0.021,False,6.972295,439,TRAIN,cont_asymptote_s000,cont_asymptote,661058651,0,0
P03,4,14,0.5,0.24,12.253693,1,1,1744.9999999999186,9.684813,0.021,0.021,False,-8.536124,440,TRAIN,cont_asymptote_s000,cont_asymptote,661058651,0,0
P03,4,15,0.5,0.24,15.625,1,1,409.0000000000003,18.19562,0.021,0.021,False,9.684813,441,TRAIN,cont_asymptote_s000,cont_asymptote,661058651,0,0
P03,4,16,0.5,0.24,-9.408956,-1,0,1024.999999999998,-6.837527,0.031,0.031,False,18.19562,442,TRAIN,cont_asymptote_s000,cont_asymptote,661058651,0,0
P03,4,17,0.5,0.24,12.436934,1,1,834.0000000000007,9.879362,0.031,0.031,False,-6.837527,443,TRAIN,cont_asymptote_s000,cont_asymptote,661058651,0,0
P03,4,18,0.5,0.24,-14.441693,-1,0,465.00000000000034,-11.87093,0.031,0.031,False,9.879362,444,TRAIN,cont_asymptote_s000,cont_asymptote,661058651,0,0
P03,4,19,0.5,0.24,-13.516283,-1,0,121.0000000000001,-16.087621,0.031,0.031,False,-11.87093,445,TRAIN,cont_asymptote_s000,cont_asymptote,661058651,0,0
P03,4,20,0.5,0.24,9.821796,1,1,1644.9999999999297,7.250368,0.041,0.041,False,-16.087621,446,TRAIN,cont_asymptote_s000,cont_asymptote,661058651,0,0
P03,4,21,0.5,0.24,11.354059,1,1,381.0000000000003,13.916296,0.041,0.041,False,7.250368,447,TRAIN,cont_asymptote_s000,cont_asymptote,661058651,0,0
P03,4,22,0.5,0.24,2.897451,1,1,56.00000000000004,5.468868,0.031,0.031,False,13.916296,448,TRAIN,cont_asymptote_s000,cont_asymptote,661058651,0,0
P03,4,23,0.5,0.24,4.467455,1,1,69.00000000000004,6.985509,0.031,0.031,False,5.468868,449,TRAIN,cont_asymptote_s000,cont_asymptote,661058651,0,0
P03,4,24,0.5,0.24,10.819562,1,1,235.00000000000017,13.379028,0.031,0.031,False,6.985509,450,TRAIN,cont_asymptote_s000,cont_asymptote,661058651,0,0
P03,4,25,0.5,0.24,13.378774,1,1,220.00000000000017,15.950182,0.031,0.031,False,13.379028,451,TRAIN,cont_asymptote_s000,cont_asymptote,661058651,0,0
P03,4,26,0.5,0.24,-9.399662,-1,0,920.0000000000007,-6.828235,0.041,0.041,False,15.950182,452,TRAIN,cont_asymptote_s000,cont_asymptote,661058651,0,0
P03,4,27,0.5,0.24,14.824871,1,1,380.0000000000003,12.267428,0.041,0.041,False,-6.828235,453,TRAIN,cont_asymptote_s000,cont_asymptote,661058651,0,0
P03,4,28,0.5,0.24,1.577378,1,1,18.00000000000001,4.148746,0.031,0.031,False,12.267428,454,TRAIN,cont_asymptote_s000,cont_asymptote,661058651,0,0
P03,4,29,0.5,0.24,7.851968,1,1,353.0000000000003,10.236855,0.031,0.031,False,4.148746,455,TRAIN,cont_asymptote_s000,cont_asymptote,661058651,0,0
P03,4,30,0.5,0.24,-6.730367,-1,0,799.0000000000006,-4.159404,0.051,0.051,False,10.236855,456,TRAIN,cont_asymptote_s000,cont_asymptote,661058651,0,0
P03,4,31,0.5,0.24,9.568418,1,1,501.00000000000034,7.181727,0.061,0.061,False,-4.159404,457,TEST,cont_asymptote_s000,cont_asymptote,661058651,0,0
P03,4,32,0.5,0.24,13.363978,1,1,177.00000000000014,15.925566,0.061,0.061,False,7.181727,458,TEST,cont_asymptote_s000,cont_asymptote,661058651,0,0
P03,4,33,0.5,0.24,4.382512,1,1,36.00000000000003,6.953939,0.051,0.051,False,15.925566,459,TEST,cont_asymptote_s000,cont_asymptote,661058651,0,0
P03,4,34,0.5,0.24,12.244304,1,1,52.00000000000004,14.80339,0.051,0.051,False,6.953939,460,TEST,cont_asymptote_s000,cont_asymptote,661058651,0,0
P03,4,35,0.5,0.24,9.996452,1,1,403.0000000000003,12.567876,0.051,0.051,False,14.80339,461,TEST,cont_asymptote_s000,cont_asymptote,661058651,0,0
P03,4,36,0.5,0.24,-11.226847,-1,0,369.0000000000003,-8.655464,0.051,0.051,False,12.567876,462,TEST,cont_asymptote_s000,cont_asymptote,661058651,0,0
P03,4,37,0.5,0.24,15.625,1,1,1024.999999999998,13.055834,0.051,0.051,False,-8.655464,463,TEST,cont_asymptote_s000,cont_asymptote,661058651,0,0
P03,4,38,0.5,0.24,-7.479292,-1,0,761.0000000000006,-4.90789,0.061,0.061,False,13.055834,464,TEST,cont_asymptote_s000,cont_asymptote,661058651,0,0
P03,4,39,0.5,0.24,7.144472,1,1,423.00000000000034,4.664756,0.071,0.071,False,-4.90789,465,TEST,cont_asymptote_s000,cont_asymptote,661058651,0,0
P03,4,40,0.5,0.24,6.239756,1,1,636.0000000000005,8.695655,0.071,0.071,False,4.664756,466,TEST,cont_asymptote_s000,cont_asymptote,661058651,0,0
P01,1,1,0.05,0.41,3.226995,-1,1,1141.3082265581643,3.226995,0.001,0.001,True,0.0,0,TRAIN,ddm_dnm_s000,ddm_dnm,35492826,0,0
P01,1,3,0.05,0.41,1.917467,1,1,991.3082265581644,1.348992,0.991,0.991,False,-2.307557,2,TRAIN,ddm_dnm_s000,ddm_dnm,35492826,0,0
P01,1,4,0.05,0.41,1.525006,-1,1,1259.3082265581643,1.927806,0.531,0.531,False,1.348992,3,TRAIN,ddm_dnm_s000,ddm_dnm,35492826,0,0
P01,1,5,0.05,0.41,1.917923,-1,1,1332.3082265581643,2.433343,0.451,0.451,False,1.927806,4,TRAIN,ddm_dnm_s000,ddm_dnm,35492826,0,0
P01,1,6,0.05,0.41,5.353956,-1,1,1164.3082265581643,5.936859,0.441,0.441,False,2.433343,5,TRAIN,ddm_dnm_s000,ddm_dnm,35492826,0,0
P01,1,7,0.05,0.41,5.353956,-1,1,1170.3082265581643,6.053605,0.441,0.441,False,5.936859,6,TRAIN,ddm_dnm_s000,ddm_dnm,35492826,0,0
P01,1,8,0.05,0.41,0.594862,1,1,1003.3082265581644,1.294952,0.081,0.081,False,6.053605,7,TRAIN,ddm_dnm_s000,ddm_dnm,35492826,0,0
P01,1,11,0.05,0.41,0.734078,1,1,1018.3082265581644,1.413055,0.061,0.061,False,4.10377,10,TRAIN,ddm_dnm_s000,ddm_dnm,35492826,0,0
P01,1,12,0.05,0.41,2.836541,-1,1,1438.3082265581643,3.253835,0.051,0.051,False,1.413055,11,TRAIN,ddm_dnm_s000,ddm_dnm,35492826,0,0
P01,1,13,0.05,0.41,5.294251,-1,1,1210.3082265581643,5.941676,0.051,0.051,False,3.253835,12,TRAIN,ddm_dnm_s000,ddm_dnm,35492826,0,0
P01,1,15,0.05,0.41,3.753973,1,1,991.3082265581644,4.389664,0.051,0.051,False,3.054267,14,TRAIN,ddm_dnm_s000,ddm_dnm,35492826,0,0
P01,1,16,0.05,0.41,2.345472,1,1,992.3082265581644,3.030494,0.051,0.051,False,4.389664,15,TRAIN,ddm_dnm_s000,ddm_dnm,35492826,0,0
P01,1,17,0.05,0.41,2.265176,1,1,991.3082265581644,2.899324,0.051,0.051,False,3.030494,16,TRAIN,ddm_dnm_s000,ddm_dnm,35492826,0,0
P01,1,18,0.05,0.41,-0.442225,1,1,1235.3082265581643,0.182801,0.331,0.331,False,2.899324,17,TRAIN,ddm_dnm_s000,ddm_dnm,35492826,0,0
P01,1,19,0.05,0.41,4.813038,-1,1,1125.3082265581643,4.874673,0.331,0.331,False,0.182801,18,TRAIN,ddm_dnm_s000,ddm_dnm,35492826,0,0
P01,1,21,0.05,0.41,1.054018,-1,1,1954.3082265581643,1.75275,0.301,0.301,False,5.730409,20,TRAIN,ddm_dnm_s000,ddm_dnm,35492826,0,0
P01,1,22,0.05,0.41,3.388123,-1,1,1340.3082265581643,3.873756,0.291,0.291,False,1.75275,21,TRAIN,ddm_dnm_s000,ddm_dnm,35492826,0,0
P01,1,24,0.05,0.41,0.717787,1,1,991.3082265581644,1.41778,0.261,0.261,False,6.026709,23,TRAIN,ddm_dnm_s000,ddm_dnm,35492826,0,0
P01,1,25,0.05,0.41,5.022416,-1,1,1224.3082265581643,5.440759,0.261,0.261,False,1.41778,24,TRAIN,ddm_dnm_s000,ddm_dnm,35492826,0,0
P01,1,26,0.05,0.41,5.353956,-1,1,1176.3082265581643,6.051039,0.261,0.261,False,5.440759,25,TRAIN,ddm_dnm_s000,ddm_dnm,35492826,0,0
P01,1,27,0.05,0.41,-5.147871,1,0,997.3082265581644,-4.44779,0.261,0.261,False,6.051039,26,TRAIN,ddm_dnm_s000,ddm_dnm,35492826,0,0
P01,1,28,0.05,0.41,-0.368008,-1,0,991.3082265581644,-1.054067,0.231,0.231,False,-4.44779,27,TRAIN,ddm_dnm_s000,ddm_dnm,35492826,0,0
P01,1,29,0.05,0.41,-1.1697,1,0,1820.3082265581643,-1.499233,0.211,0.211,False,-1.054067,28,TRAIN,ddm_dnm_s000,ddm_dnm,35492826,0,0
P01,1,31,0.05,0.41,-5.353956,1,0,992.3082265581644,-4.77828,0.231,0.231,False,2.36876,30,TEST,ddm_dnm_s000,ddm_dnm,35492826,0,0
P01,1,32,0.05,0.41,-0.619063,-1,0,991.3082265581644,-1.310026,0.211,0.211,False,-4.77828,31,TEST,ddm_dnm_s000,ddm_dnm,35492826,0,0
P01,1,34,0.05,0.41,-2.588615,1,0,1416.3082265581643,-3.256659,0.201,0.201,False,-3.728027,33,TEST,ddm_dnm_s000,ddm_dnm,35492826,0,0
P01,1,35,0.05,0.41,0.78139,-1,0,1044.3082265581643,0.133814,0.281,0.281,False,-3.256659,34,TEST,ddm_dnm_s000,ddm_dnm,35492826,0,0
P01,1,36,0.05,0.41,-5.353956,1,0,1087.3082265581643,-5.308787,0.271,0.271,False,0.133814,35,TEST,ddm_dnm_s000,ddm_dnm,35492826,0,0
P01,1,37,0.05,0.41,-3.285926,1,0,1275.3082265581643,-3.982086,0.271,0.271,False,-5.308787,36,TEST,ddm_dnm_s000,ddm_dnm,35492826,0,0
P01,1,38,0.05,0.41,0.778371,-1,0,1012.3082265581644,0.102516,0.331,0.331,False,-3.982086,37,TEST,ddm_dnm_s000,ddm_dnm,35492826,0,0
P01,1,39,0.05,0.41,-5.353956,1,0,1094.3082265581643,-5.319332,0.331,0.331,False,0.102516,38,TEST,ddm_dnm_s000,ddm_dnm,35492826,0,0
P01,1,40,0.05,0.41,-4.549726,1,0,1254.3082265581643,-5.245965,0.331,0.331,False,-5.319332,39,TEST,ddm_dnm_s000,ddm_dnm,35492826,0,0
P01,2,1,0.1,0.41,-1.409163,1,0,1380.3082265581643,-1.409163,0.001,0.001,True,0.0,40,TRAIN,ddm_dnm_s000,ddm_dnm,35492826,0,0
P01,2,2,0.1,0.41,-5.353956,-1,0,991.3082265581644,-6.647868,0.001,0.001,False,-1.409163,41,TRAIN,ddm_dnm_s000,ddm_dnm,35492826,0,0
P01,2,3,0.1,0.41,-0.52436,-1,1,992.3082265581644,-3.926944,0.001,0.001,False,-6.647868,42,TRAIN,ddm_dnm_s000,ddm_dnm,35492826,0,0
P01,2,4,0.1,0.41,4.236247,-1,1,991.3082265581644,1.273233,0.111,0.111,False,-3.926944,43,TRAIN,ddm_dnm_s000,ddm_dnm,35492826,0,0
P01,2,5,0.1,0.41,1.223392,1,1,993.3082265581644,2.397326,0.101,0.101,False,1.273233,44,TRAIN,ddm_dnm_s000,ddm_dnm,35492826,0,0
P01,2,6,0.1,0.41,5.353956,-1,1,1222.3082265581643,7.452818,0.101,0.101,False,2.397326,45,TRAIN,ddm_dnm_s000,ddm_dnm,35492826,0,0
P01,2,7,0.1,0.41,3.53347,-1,1,1305.3082265581643,6.957805,0.101,0.101,False,7.452818,46,TRAIN,ddm_dnm_s000,ddm_dnm,35492826,0,0
P01,2,8,0.1,0.41,0.906646,1,0,996.3082265581644,4.319655,0.081,0.081,False,6.957805,47,TRAIN,ddm_dnm_s000,ddm_dnm,35492826,0,0
P01,2,9,0.1,0.41,-0.740993,1,0,1014.3082265581644,2.353964,0.051,0.051,False,4.319655,48,TRAIN,ddm_dnm_s000,ddm_dnm,35492826,0,0
P01,2,10,0.1,0.41,-1.841031,1,0,999.3082265581644,0.2257,0.091,0.091,False,2.353964,49,TRAIN,ddm_dnm_s000,ddm_dnm,35492826,0,0
P01,2,11,0.1,0.41,2.097033,-1,1,1443.3082265581643,2.308632,0.081,0.081,False,0.2257,50,TRAIN,ddm_dnm_s000,ddm_dnm,35492826,0,0
P01,2,12,0.1,0.41,3.243506,-1,1,1414.3082265581643,5.276275,0.081,0.081,False,2.308632,51,TRAIN,ddm_dnm_s000,ddm_dnm,35492826,0,0
P01,2,13,0.1,0.41,0.756703,-1,1,2208.3082265581643,4.050919,0.071,0.071,False,5.276275,52,TRAIN,ddm_dnm_s000,ddm_dnm,35492826,0,0
P01,2,14,0.1,0.41,5.353956,1,1,991.3082265581644,8.362356,0.071,0.071,False,4.050919,53,TRAIN,ddm_dnm_s000,ddm_dnm,35492826,0,0
P01,2,15,0.1,0.41,-0.227382,1,1,1028.3082265581643,3.207631,0.061,0.061,False,8.362356,54,TRAIN,ddm_dnm_s000,ddm_dnm,35492826,0,0
P01,2,16,0.1,0.41,2.004847,1,1,995.3082265581644,4.631081,0.061,0.061,False,3.207631,55,TRAIN,ddm_dnm_s000,ddm_dnm,35492826,0,0
P01,2,17,0.1,0.41,4.411135,-1,1,1237.3082265581643,7.587839,0.061,0.061,False,4.631081,56,TRAIN,ddm_dnm_s000,ddm_dnm,35492826,0,0
P01,2,18,0.1,0.41,5.353956,-1,1,1212.3082265581643,8.780539,0.061,0.061,False,7.587839,57,TRAIN,ddm_dnm_s000,ddm_dnm,35492826,0,0
P01,2,19,0.1,0.41,0.639757,1,1,994.3082265581644,4.077246,0.061,0.061,False,8.780539,58,TRAIN,ddm_dnm_s000,ddm_dnm,35492826,0,0
P01,2,20,0.1,0.41,2.879757,1,1,991.3082265581644,5.89734,0.061,0.061,False,4.077246,59,TRAIN,ddm_dnm_s000,ddm_dnm,35492826,0,0
P01,2,21,0.1,0.41,0.649122,1,1,994.3082265581644,4.009117,0.061,0.061,False,5.89734,60,TRAIN,ddm_dnm_s000,ddm_dnm,35492826,0,0
P01,2,22,0.1,0.41,-4.729901,1,0,991.3082265581644,-1.736407,0.021,0.021,False,4.009117,61,TRAIN,ddm_dnm_s000,ddm_dnm,35492826,0,0
P01,2,23,0.1,0.41,-3.655983,1,0,1332.3082265581643,-5.231129,0.021,0.021,False,-1.736407,62,TRAIN,ddm_dnm_s000,ddm_dnm,35492826,0,0
P01,2,24,0.1,0.41,-5.353956,1,0,1192.3082265581643,-8.641838,0.021,0.021,False,-5.231129,63,TRAIN,ddm_dnm_s000,ddm_dnm,35492826,0,0
P01,2,25,0.1,0.41,-3.556863,-1,0,991.3082265581644,-6.993642,0.021,0.021,False,-8.641838,64,TRAIN,ddm_dnm_s000,ddm_dnm,35492826,0,0
P01,2,26,0.1,0.41,-5.353956,1,0,1196.3082265581643,-8.767981,0.021,0.021,False,-6.993642,65,TRAIN,ddm_dnm_s000,ddm_dnm,35492826,0,0
P01,2,27,0.1,0.41,-2.434899,-1,0,991.3082265581644,-5.872328,0.021,0.021,False,-8.767981,66,TRAIN,ddm_dnm_s000,ddm_dnm,35492826,0,0
P01,2,28,0.1,0.41,-1.645168,1,0,1668.3082265581643,-5.003164,0.021,0.021,False,-5.872328,67,TRAIN,ddm_dnm_s000,ddm_dnm,35492826,0,0
P01,2,29,0.1,0.41,5.353956,-1,1,991.3082265581644,2.102043,0.021,0.021,False,-5.003164,68,TRAIN,ddm_dnm_s000,ddm_dnm,35492826,0,0
P01,2,30,0.1,0.41,4.903863,-1,1,1184.3082265581643,6.777281,0.021,0.021,False,2.102043,69,TRAIN,ddm_dnm_s000,ddm_dnm,35492826,0,0
P01,2,31,0.1,0.41,3.649547,-1,1,1339.3082265581643,7.056866,0.021,0.021,False,6.777281,70,TEST,ddm_dnm_s000,ddm_dnm,35492826,0,0
P01,2,32,0.1,0.41,1.940681,-1,1,1575.3082265581643,5.356414,0.021,0.021,False,7.056866,71,TEST,ddm_dnm_s000,ddm_dnm,35492826,0,0
P01,2,33,0.1,0.41,5.224597,1,1,991.3082265581644,8.529467,0.021,0.021,False,5.356414,72,TEST,ddm_dnm_s000,ddm_dnm,35492826,0,0
P01,2,34,0.1,0.41,0.308859,1,1,992.3082265581644,3.744987,0.021,0.021,False,8.529467,73,TEST,ddm_dnm_s000,ddm_dnm,35492826,0,0
P01,2,35,0.1,0.41,4.507985,-1,1,1238.3082265581643,7.397815,0.021,0.021,False,3.744987,74,TEST,ddm_dnm_s000,ddm_dnm,35492826,0,0
P01,2,36,0.1,0.41,4.861194,-1,1,1234.3082265581643,8.284523,0.021,0.021,False,7.397815,75,TEST,ddm_dnm_s000,ddm_dnm,35492826,0,0
P01,2,38,0.1,0.41,-1.137463,1,1,1147.3082265581643,-0.943035,0.041,0.041,False,0.207369,77,TEST,ddm_dnm_s000,ddm_dnm,35492826,0,0
P01,2,39,0.1,0.41,0.477975,-1,1,991.3082265581644,-0.398495,0.031,0.031,False,-0.943035,78,TEST,ddm_dnm_s000,ddm_dnm,35492826,0,0
P01,2,40,0.1,0.41,3.099226,-1,1,1040.3082265581643,2.726036,0.031,0.031,False,-0.398495,79,TEST,ddm_dnm_s000,ddm_dnm,35492826,0,0
P01,3,1,0.3,0.41,1.187286,-1,0,1518.3082265581643,1.187286,0.001,0.001,True,0.0,80,TRAIN,ddm_dnm_s000,ddm_dnm,35492826,0,0
P01,3,2,0.3,0.41,-5.353956,1,0,1202.3082265581643,-4.47239,0.991,0.991,False,1.187286,81,TRAIN,ddm_dnm_s000,ddm_dnm,35492826,0,0
P01,3,3,0.3,0.41,-5.353956,1,0,1223.3082265581643,-7.348429,0.391,0.391,False,-4.47239,82,TRAIN,ddm_dnm_s000,ddm_dnm,35492826,0,0
P01,3,4,0.3,0.41,-5.353956,-1,0,991.3082265581644,-7.429462,0.271,0.271,False,-7.348429,83,TRAIN,ddm_dnm_s000,ddm_dnm,35492826,0,0
P01,3,5,0.3,0.41,2.225703,-1,1,1510.3082265581643,0.149804,0.781,0.781,False,-7.429462,84,TRAIN,ddm_dnm_s000,ddm_dnm,35492826,0,0
P01,3,6,0.3,0.41,1.415193,-1,1,1463.3082265581643,1.531655,0.441,0.441,False,0.149804,85,TRAIN,ddm_dnm_s000,ddm_dnm,35492826,0,0
P01,3,7,0.3,0.41,-0.287975,1,1,3725.3082265581643,0.814423,0.581,0.581,False,1.531655,86,TRAIN,ddm_dnm_s000,ddm_dnm,35492826,0,0
P01,3,8,0.3,0.41,1.409041,-1,1,1153.3082265581643,2.028932,0.601,0.601,False,0.814423,87,TRAIN,ddm_dnm_s000,ddm_dnm,35492826,0,0
P01,3,9,0.3,0.41,1.962525,-1,1,1115.3082265581643,3.340077,0.561,0.561,False,2.028932,88,TRAIN,ddm_dnm_s000,ddm_dnm,35492826,0,0
P01,3,10,0.3,0.41,1.723602,-1,1,1333.3082265581643,3.558764,0.511,0.511,False,3.340077,89,TRAIN,ddm_dnm_s000,ddm_dnm,35492826,0,0
P01,3,11,0.3,0.41,5.046169,-1,1,1089.3082265581643,6.924859,0.511,0.511,False,3.558764,90,TRAIN,ddm_dnm_s000,ddm_dnm,35492826,0,0
P01,3,12,0.3,0.41,1.275118,-1,1,1653.3082265581643,3.347965,0.431,0.431,False,6.924859,91,TRAIN,ddm_dnm_s000,ddm_dnm,35492826,0,0
P01,3,13,0.3,0.41,4.639804,-1,1,1209.3082265581643,6.47667,0.421,0.421,False,3.347965,92,TRAIN,ddm_dnm_s000,ddm_dnm,35492826,0,0
P01,3,14,0.3,0.41,-2.350907,1,0,991.3082265581644,-0.282398,0.071,0.071,False,6.47667,93,TRAIN,ddm_dnm_s000,ddm_dnm,35492826,0,0
P01,3,15,0.3,0.41,-2.326622,1,0,1353.3082265581643,-2.545752,0.091,0.091,False,-0.282398,94,TRAIN,ddm_dnm_s000,ddm_dnm,35492826,0,0
P01,3,16,0.3,0.41,-1.26568,-1,0,992.3082265581644,-2.868626,0.081,0.081,False,-2.545752,95,TRAIN,ddm_dnm_s000,ddm_dnm,35492826,0,0
P01,3,17,0.3,0.41,5.353956,-1,1,991.3082265581644,3.641143,0.051,0.051,False,-2.868626,96,TRAIN,ddm_dnm_s000,ddm_dnm,35492826,0,0
P01,3,19,0.3,0.41,-3.17042,1,0,991.3082265581644,-1.103595,0.071,0.071,False,6.345064,98,TRAIN,ddm_dnm_s000,ddm_dnm,35492826,0,0
P01,3,20,0.3,0.41,4.916102,-1,1,991.3082265581644,4.091436,0.071,0.071,False,-1.103595,99,TRAIN,ddm_dnm_s000,ddm_dnm,35492826,0,0
P01,3,21,0.3,0.41,0.581431,-1,1,2053.3082265581643,2.538444,0.071,0.071,False,4.091436,100,TRAIN,ddm_dnm_s000,ddm_dnm,35492826,0,0
P01,3,22,0.3,0.41,5.211775,-1,1,1215.3082265581643,6.811967,0.071,0.071,False,2.538444,101,TRAIN,ddm_dnm_s000,ddm_dnm,35492826,0,0
P01,3,23,0.3,0.41,3.049696,-1,1,1401.3082265581643,5.121625,0.071,0.071,False,6.811967,102,TRAIN,ddm_dnm_s000,ddm_dnm,35492826,0,0
P01,3,24,0.3,0.41,-4.341324,1,0,991.3082265581644,-2.30669,0.071,0.071,False,5.121625,103,TRAIN,ddm_dnm_s000,ddm_dnm,35492826,0,0
P01,3,25,0.3,0.41,-0.288776,-1,0,991.3082265581644,-1.795237,0.071,0.071,False,-2.30669,104,TRAIN,ddm_dnm_s000,ddm_dnm,35492826,0,0
P01,3,26,0.3,0.41,-5.353956,1,0,1193.3082265581643,-6.609094,0.071,0.071,False,-1.795237,105,TRAIN,ddm_dnm_s000,ddm_dnm,35492826,0,0
P01,3,27,0.3,0.41,-1.965447,-1,0,991.3082265581644,-4.035444,0.071,0.071,False,-6.609094,106,TRAIN,ddm_dnm_s000,ddm_dnm,35492826,0,0
P01,3,28,0.3,0.41,2.394558,-1,1,991.3082265581644,0.444201,0.091,0.091,False,-4.035444,107,TRAIN,ddm_dnm_s000,ddm_dnm,35492826,0,0
P01,3,30,0.3,0.41,3.464969,1,1,991.3082265581644,5.519439,0.091,0.091,False,5.697305,109,TRAIN,ddm_dnm_s000,ddm_dnm,35492826,0,0
P01,3,31,0.3,0.41,1.054911,-1,1,2084.3082265581643,3.104382,0.091,0.091,False,5.519439,110,TEST,ddm_dnm_s000,ddm_dnm,35492826,0,0
P01,3,32,0.3,0.41,-1.724342,1,0,991.3082265581644,0.054897,0.121,0.121,False,3.104382,111,TEST,ddm_dnm_s000,ddm_dnm,35492826,0,0
P01,3,33,0.3,0.41,-5.353956,1,0,1087.3082265581643,-5.31125,0.121,0.121,False,0.054897,112,TEST,ddm_dnm_s000,ddm_dnm,35492826,0,0
P01,3,34,0.3,0.41,-2.071553,-1,0,996.3082265581644,-4.113967,0.121,0.121,False,-5.31125,113,TEST,ddm_dnm_s000,ddm_dnm,35492826,0,0
P01,3,35,0.3,0.41,-0.290645,-1,1,996.3082265581644,-2.250246,0.121,0.121,False,-4.113967,114,TEST,ddm_dnm_s000,ddm_dnm,35492826,0,0
P01,3,36,0.3,0.41,-5.353956,1,0,1223.3082265581643,-6.835692,0.121,0.121,False,-2.250246,115,TEST,ddm_dnm_s000,ddm_dnm,35492826,0,0
P01,3,37,0.3,0.41,-0.254512,-1,1,992.3082265581644,-2.326643,0.111,0.111,False,-6.835692,116,TEST,ddm_dnm_s000,ddm_dnm,35492826,0,0
P01,3,38,0.3,0.41,-2.897962,1,0,1385.3082265581643,-4.412986,0.111,0.111,False,-2.326643,117,TEST,ddm_dnm_s000,ddm_dnm,35492826,0,0
P01,3,39,0.3,0.41,-5.353956,1,0,1227.3082265581643,-7.343401,0.111,0.111,False,-4.412986,118,TEST,ddm_dnm_s000,ddm_dnm,35492826,0,0
P01,3,40,0.3,0.41,-5.353956,-1,0,991.3082265581644,-7.429437,0.111,0.111,False,-7.343401,119,TEST,ddm_dnm_s000,ddm_dnm,35492826,0,0
P01,4,1,0.5,0.41,4.13596,-1,1,1155.3082265581643,4.13596,0.001,0.001,True,0.0,120,TRAIN,ddm_dnm_s000,ddm_dnm,35492826,0,0
P01,4,2,0.5,0.41,1.318223,1,1,993.3082265581644,1.912347,0.001,0.001,False,4.13596,121,TRAIN,ddm_dnm_s000,ddm_dnm,35492826,0,0
P01,4,3,0.5,0.41,4.283771,-1,1,1310.3082265581643,4.733783,0.001,0.001,False,1.912347,122,TRAIN,ddm_dnm_s000,ddm_dnm,35492826,0,0
P01,4,4,0.5,0.41,0.392906,1,1,994.3082265581644,0.996169,0.001,0.001,False,4.733783,123,TRAIN,ddm_dnm_s000,ddm_dnm,35492826,0,0
P01,4,5,0.5,0.41,0.91573,1,1,994.3082265581644,1.191997,0.001,0.001,False,0.996169,124,TRAIN,ddm_dnm_s000,ddm_dnm,35492826,0,0
P01,4,6,0.5,0.41,1.406115,-1,0,1795.3082265581643,1.727227,0.001,0.001,False,1.191997,125,TRAIN,ddm_dnm_s000,ddm_dnm,35492826,0,0
P01,4,7,0.5,0.41,0.803872,-1,1,2652.3082265581643,1.226112,0.331,0.331,False,1.727227,126,TRAIN,ddm_dnm_s000,ddm_dnm,35492826,0,0
P01,4,8,0.5,0.41,-4.657644,1,0,1006.3082265581644,-4.329141,0.331,0.331,False,1.226112,127,TRAIN,ddm_dnm_s000,ddm_dnm,35492826,0,0
P01,4,9,0.5,0.41,-4.80869,1,0,1184.3082265581643,-5.406363,0.331,0.331,False,-4.329141,128,TRAIN,ddm_dnm_s000,ddm_dnm,35492826,0,0
P01,4,10,0.5,0.41,-3.867973,-1,0,1004.3082265581644,-4.47678,0.331,0.331,False,-5.406363,129,TRAIN,ddm_dnm_s000,ddm_dnm,35492826,0,0
P01,4,11,0.5,0.41,3.054955,-1,1,1005.3082265581644,2.454983,0.361,0.361,False,-4.47678,130,TRAIN,ddm_dnm_s000,ddm_dnm,35492826,0,0
P01,4,12,0.5,0.41,1.744219,-1,1,1529.3082265581643,2.256904,0.331,0.331,False,2.454983,131,TRAIN,ddm_dnm_s000,ddm_dnm,35492826,0,0
P01,4,13,0.5,0.41,3.172887,-1,0,1348.3082265581643,3.665675,0.331,0.331,False,2.256904,132,TRAIN,ddm_dnm_s000,ddm_dnm,35492826,0,0
P01,4,14,0.5,0.41,1.543522,1,1,996.3082265581644,2.125686,0.301,0.301,False,3.665675,133,TRAIN,ddm_dnm_s000,ddm_dnm,35492826,0,0
P01,4,15,0.5,0.41,0.774145,-1,1,1988.3082265581643,1.251935,0.271,0.271,False,2.125686,134,TRAIN,ddm_dnm_s000,ddm_dnm,35492826,0,0
P01,4,16,0.5,0.41,5.353956,-1,1,1214.3082265581643,5.687967,0.271,0.271,False,1.251935,135,TRAIN,ddm_dnm_s000,ddm_dnm,35492826,0,0
P01,4,17,0.5,0.41,-3.013439,1,0,992.3082265581644,-2.403205,0.291,0.291,False,5.687967,136,TRAIN,ddm_dnm_s000,ddm_dnm,35492826,0,0
P01,4,18,0.5,0.41,2.564866,-1,1,1009.3082265581644,2.05708,0.301,0.301,False,-2.403205,137,TRAIN,ddm_dnm_s000,ddm_dnm,35492826,0,0
P01,4,19,0.5,0.41,1.295361,-1,1,1822.3082265581643,1.76469,0.291,0.291,False,2.05708,138,TRAIN,ddm_dnm_s000,ddm_dnm,35492826,0,0
P01,4,20,0.5,0.41,4.879399,-1,1,1185.3082265581643,5.307547,0.291,0.291,False,1.76469,139,TRAIN,ddm_dnm_s000,ddm_dnm,35492826,0,0
P01,4,21,0.5,0.41,5.353956,-1,1,1192.3082265581643,5.96216,0.291,0.291,False,5.307547,140,TRAIN,ddm_dnm_s000,ddm_dnm,35492826,0,0
P01,4,22,0.5,0.41,0.690933,-1,0,2676.3082265581643,1.302222,0.261,0.261,False,5.96216,141,TRAIN,ddm_dnm_s000,ddm_dnm,35492826,0,0
P01,4,23,0.5,0.41,-1.24007,1,0,1080.3082265581643,-0.895541,0.301,0.301,False,1.302222,142,TRAIN,ddm_dnm_s000,ddm_dnm,35492826,0,0
P01,4,24,0.5,0.41,-2.953982,1,0,1323.3082265581643,-3.20566,0.301,0.301,False,-0.895541,143,TRAIN,ddm_dnm_s000,ddm_dnm,35492826,0,0
P01,4,25,0.5,0.41,3.749239,-1,1,998.3082265581644,3.185177,0.311,0.311,False,-3.20566,144,TRAIN,ddm_dnm_s000,ddm_dnm,35492826,0,0
P01,4,26,0.5,0.41,4.078283,-1,1,1255.3082265581643,4.641347,0.311,0.311,False,3.185177,145,TRAIN,ddm_dnm_s000,ddm_dnm,35492826,0,0
P01,4,27,0.5,0.41,-4.902201,1,0,991.3082265581644,-4.300028,0.311,0.311,False,4.641347,146,TRAIN,ddm_dnm_s000,ddm_dnm,35492826,0,0
P01,4,28,0.5,0.41,0.596803,-1,1,991.3082265581644,-0.000377,0.261,0.261,False,-4.300028,147,TRAIN,ddm_dnm_s000,ddm_dnm,35492826,0,0
P01,4,29,0.5,0.41,5.353956,-1,1,1091.3082265581643,5.353844,0.261,0.261,False,-0.000377,148,TRAIN,ddm_dnm_s000,ddm_dnm,35492826,0,0
P01,4,30,0.5,0.41,-2.964141,1,0,993.3082265581644,-2.355648,0.281,0.281,False,5.353844,149,TRAIN,ddm_dnm_s000,ddm_dnm,35492826,0,0
P01,4,31,0.5,0.41,0.732603,-1,1,1037.3082265581643,0.229502,0.311,0.311,False,-2.355648,150,TEST,ddm_dnm_s000,ddm_dnm,35492826,0,0
P01,4,32,0.5,0.41,-2.37486,1,0,1106.3082265581643,-2.306741,0.301,0.301,False,0.229502,151,TEST,ddm_dnm_s000,ddm_dnm,35492826,0,0
P01,4,33,0.5,0.41,1.539819,-1,1,1008.3082265581644,1.041725,0.331,0.331,False,-2.306741,152,TEST,ddm_dnm_s000,ddm_dnm,35492826,0,0
P01,4,34,0.5,0.41,5.197843,-1,1,1205.3082265581643,5.484904,0.331,0.331,False,1.041725,153,TEST,ddm_dnm_s000,ddm_dnm,35492826,0,0
P01,4,35,0.5,0.41,3.732736,1,1,995.3082265581644,4.341982,0.331,0.331,False,5.484904,154,TEST,ddm_dnm_s000,ddm_dnm,35492826,0,0
P01,4,36,0.5,0.41,-0.994625,1,1,1040.3082265581643,-0.396738,0.371,0.371,False,4.341982,155,TEST,ddm_dnm_s000,ddm_dnm,35492826,0,0
P01,4,37,0.5,0.41,-3.2152,1,0,1197.3082265581643,-3.332034,0.371,0.371,False,-0.396738,156,TEST,ddm_dnm_s000,ddm_dnm,35492826,0,0
P01,4,38,0.5,0.41,-4.229171,1,0,1259.3082265581643,-4.798994,0.371,0.371,False,-3.332034,157,TEST,ddm_dnm_s000,ddm_dnm,35492826,0,0
P01,4,39,0.5,0.41,-0.850482,1,0,2618.3082265581643,-1.454456,0.351,0.351,False,-4.798994,158,TEST,ddm_dnm_s000,ddm_dnm,35492826,0,0
P01,4,40,0.5,0.41,-5.353956,1,0,1184.3082265581643,-5.728612,0.351,0.351,False,-1.454456,159,TEST,ddm_dnm_s000,ddm_dnm,35492826,0,0
P02,1,1,0.5,0.24,11.051806,-1,1,1049.3082265581643,11.135816,0.061,0.061,True,0.0,160,TRAIN,ddm_dnm_s000,ddm_dnm,35492826,0,0
P02,1,15,0.5,0.24,10.363132,1,1,991.3082265581644,10.279085,0.061,0.061,False,11.135816,161,TRAIN,ddm_dnm_s000,ddm_dnm,35492826,0,0
P02,1,16,0.5,0.24,10.9934,-1,1,1090.3082265581643,10.909356,0.061,0.061,False,10.279085,162,TRAIN,ddm_dnm_s000,ddm_dnm,35492826,0,0
P02,1,17,0.5,0.24,1.922244,-1,0,1690.3082265581643,1.838197,0.051,0.051,False,10.909356,163,TRAIN,ddm_dnm_s000,ddm_dnm,35492826,0,0
P02,1,18,0.5,0.24,13.086939,-1,1,1077.3082265581643,13.025981,0.051,0.051,False,1.838197,164,TRAIN,ddm_dnm_s000,ddm_dnm,35492826,0,0
P02,1,19,0.5,0.24,2.400132,-1,1,1425.3082265581643,2.316083,0.041,0.041,False,13.025981,165,TRAIN,ddm_dnm_s000,ddm_dnm,35492826,0,0
P02,1,20,0.5,0.24,4.317477,-1,1,1298.3082265581643,4.248536,0.041,0.041,False,2.316083,166,TRAIN,ddm_dnm_s000,ddm_dnm,35492826,0,0
P02,1,21,0.5,0.24,1.308419,1,1,991.3082265581644,1.22674,0.031,0.031,False,4.248536,167,TRAIN,ddm_dnm_s000,ddm_dnm,35492826,0,0
P02,1,22,0.5,0.24,9.092244,-1,1,1116.3082265581643,9.046331,0.031,0.031,False,1.22674,168,TRAIN,ddm_dnm_s000,ddm_dnm,35492826,0,0
P02,1,23,0.5,0.24,-10.373102,1,0,991.3082265581644,-10.457131,0.031,0.031,False,9.046331,169,TRAIN,ddm_dnm_s000,ddm_dnm,35492826,0,0
P02,1,24,0.5,0.24,-4.561895,1,0,1262.3082265581643,-4.47785,0.031,0.031,False,-10.457131,170,TRAIN,ddm_dnm_s000,ddm_dnm,35492826,0,0
P02,1,25,0.5,0.24,5.053847,-1,0,992.3082265581644,5.136007,0.081,0.081,False,-4.47785,171,TRAIN,ddm_dnm_s000,ddm_dnm,35492826,0,0
P02,1,26,0.5,0.24,-11.908489,1,0,991.3082265581644,-11.991555,0.081,0.081,False,5.136007,172,TRAIN,ddm_dnm_s000,ddm_dnm,35492826,0,0
P02,1,27,0.5,0.24,6.527328,-1,1,991.3082265581644,6.611376,0.091,0.091,False,-11.991555,173,TRAIN,ddm_dnm_s000,ddm_dnm,35492826,0,0
P02,1,28,0.5,0.24,11.512514,-1,1,1094.3082265581643,11.428691,0.091,0.091,False,6.611376,174,TRAIN,ddm_dnm_s000,ddm_dnm,35492826,0,0
P02,1,29,0.5,0.24,5.414299,-1,1,1214.3082265581643,5.330252,0.091,0.091,False,11.428691,175,TRAIN,ddm_dnm_s000,ddm_dnm,35492826,0,0
P02,1,30,0.5,0.24,-13.152849,1,0,991.3082265581644,-13.236088,0.091,0.091,False,5.330252,176,TRAIN,ddm_dnm_s000,ddm_dnm,35492826,0,0
P02,1,31,0.5,0.24,12.764991,-1,1,991.3082265581644,12.849041,0.091,0.091,False,-13.236088,177,TEST,ddm_dnm_s000,ddm_dnm,35492826,0,0
P02,1,32,0.5,0.24,1.859469,-1,1,1228.3082265581643,1.77542,0.521,0.521,False,12.849041,178,TEST,ddm_dnm_s000,ddm_dnm,35492826,0,0
P02,1,33,0.5,0.24,15.208509,-1,1,1022.3082265581644,15.148829,0.521,0.521,False,1.77542,179,TEST,ddm_dnm_s000,ddm_dnm,35492826,0,0
P02,1,34,0.5,0.24,11.306505,-1,1,1034.3082265581643,11.222455,0.521,0.521,False,15.148829,180,TEST,ddm_dnm_s000,ddm_dnm,35492826,0,0
P02,1,35,0.5,0.24,-11.959252,1,0,1046.3082265581643,-12.0433,0.521,0.521,False,11.222455,181,TEST,ddm_dnm_s000,ddm_dnm,35492826,0,0
P02,1,36,0.5,0.24,-12.057083,1,0,1028.3082265581643,-11.973034,0.521,0.521,False,-12.0433,182,TEST,ddm_dnm_s000,ddm_dnm,35492826,0,0
P02,1,37,0.5,0.24,9.244925,-1,1,1074.3082265581643,9.328974,0.521,0.521,False,-11.973034,183,TEST,ddm_dnm_s000,ddm_dnm,35492826,0,0
P02,1,38,0.5,0.24,-4.561845,1,0,1123.3082265581643,-4.645879,0.521,0.521,False,9.328974,184,TEST,ddm_dnm_s000,ddm_dnm,35492826,0,0
P02,1,39,0.5,0.24,9.37053,-1,1,1067.3082265581643,9.452979,0.521,0.521,False,-4.645879,185,TEST,ddm_dnm_s000,ddm_dnm,35492826,0,0
P02,1,40,0.5,0.24,5.550216,-1,1,1068.3082265581643,5.46618,0.521,0.521,False,9.452979,186,TEST,ddm_dnm_s000,ddm_dnm,35492826,0,0
P02,2,1,0.1,0.24,-15.625,1,0,1027.3082265581643,-15.625,0.001,0.001,True,0.0,187,TRAIN,ddm_dnm_s000,ddm_dnm,35492826,0,0
P02,2,2,0.1,0.24,-6.07162,1,0,1196.3082265581643,-6.349392,0.001,0.001,False,-15.625,188,TRAIN,ddm_dnm_s000,ddm_dnm,35492826,0,0
P02,2,3,0.1,0.24,-13.779296,1,0,1071.3082265581643,-14.056086,0.001,0.001,False,-6.349392,189,TRAIN,ddm_dnm_s000,ddm_dnm,35492826,0,0
P02,2,4,0.1,0.24,-6.826012,-1,0,991.3082265581644,-7.103784,0.001,0.001,False,-14.056086,190,TRAIN,ddm_dnm_s000,ddm_dnm,35492826,0,0
P02,2,5,0.1,0.24,2.414394,-1,1,1517.3082265581643,2.137084,0.831,0.831,False,-7.103784,191,TRAIN,ddm_dnm_s000,ddm_dnm,35492826,0,0
P02,2,6,0.1,0.24,1.571247,-1,1,1744.3082265581643,1.789853,0.431,0.431,False,2.137084,192,TRAIN,ddm_dnm_s000,ddm_dnm,35492826,0,0
P02,2,7,0.1,0.24,10.42561,-1,1,1077.3082265581643,10.623264,0.431,0.431,False,1.789853,193,TRAIN,ddm_dnm_s000,ddm_dnm,35492826,0,0
P02,2,8,0.1,0.24,4.916272,-1,1,1184.3082265581643,5.194031,0.421,0.421,False,10.623264,194,TRAIN,ddm_dnm_s000,ddm_dnm,35492826,0,0
P02,2,9,0.1,0.24,5.61545,-1,1,1164.3082265581643,5.890117,0.421,0.421,False,5.194031,195,TRAIN,ddm_dnm_s000,ddm_dnm,35492826,0,0
P02,2,10,0.1,0.24,10.055022,-1,1,1092.3082265581643,10.331242,0.421,0.421,False,5.890117,196,TRAIN,ddm_dnm_s000,ddm_dnm,35492826,0,0
P02,2,11,0.1,0.24,6.383104,-1,1,1153.3082265581643,6.660858,0.421,0.421,False,10.331242,197,TRAIN,ddm_dnm_s000,ddm_dnm,35492826,0,0
P02,2,12,0.1,0.24,-10.979782,1,0,1004.3082265581644,-10.702729,0.421,0.421,False,6.660858,198,TRAIN,ddm_dnm_s000,ddm_dnm,35492826,0,0
P02,2,13,0.1,0.24,-15.366422,1,0,1051.3082265581643,-15.644181,0.421,0.421,False,-10.702729,199,TRAIN,ddm_dnm_s000,ddm_dnm,35492826,0,0
P02,2,14,0.1,0.24,-6.780998,1,0,1147.3082265581643,-7.05877,0.421,0.421,False,-15.644181,200,TRAIN,ddm_dnm_s000,ddm_dnm,35492826,0,0
P02,2,15,0.1,0.24,-8.513254,1,0,1118.3082265581643,-8.790543,0.421,0.421,False,-7.05877,201,TRAIN,ddm_dnm_s000,ddm_dnm,35492826,0,0
P02,2,16,0.1,0.24,3.423095,-1,1,1076.3082265581643,3.145408,0.461,0.461,False,-8.790543,202,TRAIN,ddm_dnm_s000,ddm_dnm,35492826,0,0
P02,2,17,0.1,0.24,8.059439,-1,1,1097.3082265581643,8.314023,0.461,0.461,False,3.145408,203,TRAIN,ddm_dnm_s000,ddm_dnm,35492826,0,0
P02,2,18,0.1,0.24,6.095162,-1,1,1144.3082265581643,6.372796,0.451,0.451,False,8.314023,204,TRAIN,ddm_dnm_s000,ddm_dnm,35492826,0,0
P02,2,19,0.1,0.24,7.914599,-1,1,1083.3082265581643,8.191413,0.451,0.451,False,6.372796,205,TRAIN,ddm_dnm_s000,ddm_dnm,35492826,0,0
P02,2,20,0.1,0.24,-9.348369,1,0,1026.3082265581643,-9.070753,0.451,0.451,False,8.191413,206,TRAIN,ddm_dnm_s000,ddm_dnm,35492826,0,0
P02,2,21,0.1,0.24,-8.788025,1,0,1092.3082265581643,-9.065733,0.451,0.451,False,-9.070753,207,TRAIN,ddm_dnm_s000,ddm_dnm,35492826,0,0
P02,2,22,0.1,0.24,-11.947498,1,0,1066.3082265581643,-12.225205,0.451,0.451,False,-9.065733,208,TRAIN,ddm_dnm_s000,ddm_dnm,35492826,0,0
P02,2,23,0.1,0.24,-5.721877,1,0,1144.3082265581643,-5.999647,0.451,0.451,False,-12.225205,209,TRAIN,ddm_dnm_s000,ddm_dnm,35492826,0,0
P02,2,24,0.1,0.24,-9.805228,1,0,1078.3082265581643,-10.081609,0.451,0.451,False,-5.999647,210,TRAIN,ddm_dnm_s000,ddm_dnm,35492826,0,0
P02,2,25,0.1,0.24,-11.291953,1,0,1070.3082265581643,-11.569702,0.451,0.451,False,-10.081609,211,TRAIN,ddm_dnm_s000,ddm_dnm,35492826,0,0
P02,2,26,0.1,0.24,-4.281487,1,0,1228.3082265581643,-4.559254,0.441,0.441,False,-11.569702,212,TRAIN,ddm_dnm_s000,ddm_dnm,35492826,0,0
P02,2,27,0.1,0.24,-11.069952,1,0,1080.3082265581643,-11.341897,0.441,0.441,False,-4.559254,213,TRAIN,ddm_dnm_s000,ddm_dnm,35492826,0,0
P02,2,28,0.1,0.24,-11.607113,1,0,1071.3082265581643,-11.884878,0.441,0.441,False,-11.341897,214,TRAIN,ddm_dnm_s000,ddm_dnm,35492826,0,0
P02,2,29,0.1,0.24,-9.296578,1,0,1093.3082265581643,-9.574347,0.441,0.441,False,-11.884878,215,TRAIN,ddm_dnm_s000,ddm_dnm,35492826,0,0
P02,2,30,0.1,0.24,8.612987,-1,1,1023.3082265581644,8.335254,0.441,0.441,False,-9.574347,216,TRAIN,ddm_dnm_s000,ddm_dnm,35492826,0,0
P02,2,31,0.1,0.24,7.622522,-1,1,1116.3082265581643,7.900159,0.441,0.441,False,8.335254,217,TEST,ddm_dnm_s000,ddm_dnm,35492826,0,0
P02,2,32,0.1,0.24,6.262905,-1,1,1175.3082265581643,6.540469,0.441,0.441,False,7.900159,218,TEST,ddm_dnm_s000,ddm_dnm,35492826,0,0
P02,2,33,0.1,0.24,9.072678,-1,1,1106.3082265581643,9.349639,0.441,0.441,False,6.540469,219,TEST,ddm_dnm_s000,ddm_dnm,35492826,0,0
P02,2,34,0.1,0.24,4.595784,-1,1,1195.3082265581643,4.873507,0.431,0.431,False,9.349639,220,TEST,ddm_dnm_s000,ddm_dnm,35492826,0,0
P02,2,35,0.1,0.24,15.625,-1,1,1053.3082265581643,15.898503,0.431,0.431,False,4.873507,221,TEST,ddm_dnm_s000,ddm_dnm,35492826,0,0
P02,2,36,0.1,0.24,10.329063,-1,1,1079.3082265581643,10.606835,0.431,0.431,False,15.898503,222,TEST,ddm_dnm_s000,ddm_dnm,35492826,0,0
P02,2,37,0.1,0.24,6.535615,-1,1,1129.3082265581643,6.813374,0.431,0.431,False,10.606835,223,TEST,ddm_dnm_s000,ddm_dnm,35492826,0,0
P02,2,38,0.1,0.24,6.901297,-1,1,1132.3082265581643,7.178452,0.431,0.431,False,6.813374,224,TEST,ddm_dnm_s000,ddm_dnm,35492826,0,0
P02,2,39,0.1,0.24,11.92308,-1,1,1081.3082265581643,12.200424,0.431,0.431,False,7.178452,225,TEST,ddm_dnm_s000,ddm_dnm,35492826,0,0
P02,2,40,0.1,0.24,14.186855,-1,1,1057.3082265581643,14.464625,0.431,0.431,False,12.200424,226,TEST,ddm_dnm_s000,ddm_dnm,35492826,0,0
P02,3,1,0.05,0.24,7.320388,-1,1,1069.3082265581643,7.320388,0.001,0.001,True,0.0,227,TRAIN,ddm_dnm_s000,ddm_dnm,35492826,0,0
P02,3,2,0.05,0.24,9.881781,-1,1,1109.3082265581643,11.027113,0.001,0.001,False,7.320388,228,TRAIN,ddm_dnm_s000,ddm_dnm,35492826,0,0
P02,3,3,0.05,0.24,9.708622,-1,1,1116.3082265581643,10.855781,0.001,0.001,False,11.027113,229,TRAIN,ddm_dnm_s000,ddm_dnm,35492826,0,0
P02,3,4,0.05,0.24,8.255692,-1,1,1133.3082265581643,9.402842,0.001,0.001,False,10.855781,230,TRAIN,ddm_dnm_s000,ddm_dnm,35492826,0,0
P02,3,5,0.05,0.24,4.782997,-1,1,1194.3082265581643,5.929968,0.001,0.001,False,9.402842,231,TRAIN,ddm_dnm_s000,ddm_dnm,35492826,0,0
P02,3,6,0.05,0.24,8.301397,-1,1,1133.3082265581643,9.441108,0.001,0.001,False,5.929968,232,TRAIN,ddm_dnm_s000,ddm_dnm,35492826,0,0
P02,3,7,0.05,0.24,3.622081,-1,1,1302.3082265581643,4.769061,0.001,0.001,False,9.441108,233,TRAIN,ddm_dnm_s000,ddm_dnm,35492826,0,0
P02,3,8,0.05,0.24,8.656576,-1,1,1121.3082265581643,9.780091,0.001,0.001,False,4.769061,234,TRAIN,ddm_dnm_s000,ddm_dnm,35492826,0,0
P02,3,9,0.05,0.24,7.994141,-1,1,1124.3082265581643,9.141186,0.001,0.001,False,9.780091,235,TRAIN,ddm_dnm_s000,ddm_dnm,35492826,0,0
P02,3,10,0.05,0.24,5.590567,-1,1,1227.3082265581643,6.737468,0.001,0.001,False,9.141186,236,TRAIN,ddm_dnm_s000,ddm_dnm,35492826,0,0
P02,3,11,0.05,0.24,3.232216,-1,1,1293.3082265581643,4.37607,0.001,0.001,False,6.737468,237,TRAIN,ddm_dnm_s000,ddm_dnm,35492826,0,0
P02,3,12,0.05,0.24,8.559298,-1,1,1122.3082265581643,9.671649,0.001,0.001,False,4.37607,238,TRAIN,ddm_dnm_s000,ddm_dnm,35492826,0,0
P02,3,13,0.05,0.24,12.527365,-1,1,1078.3082265581643,13.674392,0.001,0.001,False,9.671649,239,TRAIN,ddm_dnm_s000,ddm_dnm,35492826,0,0
P02,3,14,0.05,0.24,11.657754,-1,1,1086.3082265581643,12.804956,0.001,0.001,False,13.674392,240,TRAIN,ddm_dnm_s000,ddm_dnm,35492826,0,0
P02,3,15,0.05,0.24,10.79737,-1,1,1096.3082265581643,11.944567,0.001,0.001,False,12.804956,241,TRAIN,ddm_dnm_s000,ddm_dnm,35492826,0,0
P02,3,16,0.05,0.24,1.185466,-1,1,1875.3082265581643,2.332653,0.001,0.001,False,11.944567,242,TRAIN,ddm_dnm_s000,ddm_dnm,35492826,0,0
P02,3,17,0.05,0.24,6.625665,-1,1,1162.3082265581643,7.536546,0.001,0.001,False,2.332653,243,TRAIN,ddm_dnm_s000,ddm_dnm,35492826,0,0
P02,3,18,0.05,0.24,6.86975,-1,1,1163.3082265581643,8.015446,0.001,0.001,False,7.536546,244,TRAIN,ddm_dnm_s000,ddm_dnm,35492826,0,0
P02,3,19,0.05,0.24,4.310758,-1,1,1310.3082265581643,5.457028,0.001,0.001,False,8.015446,245,TRAIN,ddm_dnm_s000,ddm_dnm,35492826,0,0
P02,3,20,0.05,0.24,7.629487,-1,1,1123.3082265581643,8.764699,0.001,0.001,False,5.457028,246,TRAIN,ddm_dnm_s000,ddm_dnm,35492826,0,0
P02,3,21,0.05,0.24,12.576009,-1,1,1083.3082265581643,13.722772,0.001,0.001,False,8.764699,247,TRAIN,ddm_dnm_s000,ddm_dnm,35492826,0,0
P02,3,22,0.05,0.24,6.026166,-1,1,1175.3082265581643,7.173367,0.001,0.001,False,13.722772,248,TRAIN,ddm_dnm_s000,ddm_dnm,35492826,0,0
P02,3,23,0.05,0.24,-2.645852,1,1,996.3082265581644,-1.500816,0.291,0.291,False,7.173367,249,TRAIN,ddm_dnm_s000,ddm_dnm,35492826,0,0
P02,3,24,0.05,0.24,10.345385,-1,1,997.3082265581644,9.661674,0.291,0.291,False,-1.500816,250,TRAIN,ddm_dnm_s000,ddm_dnm,35492826,0,0
P02,3,25,0.05,0.24,13.923533,-1,1,1069.3082265581643,15.070558,0.291,0.291,False,9.661674,251,TRAIN,ddm_dnm_s000,ddm_dnm,35492826,0,0
P02,3,26,0.05,0.24,5.015357,-1,1,1253.3082265581643,6.162562,0.281,0.281,False,15.070558,252,TRAIN,ddm_dnm_s000,ddm_dnm,35492826,0,0
P02,3,27,0.05,0.24,4.501161,-1,1,1253.3082265581643,5.642421,0.281,0.281,False,6.162562,253,TRAIN,ddm_dnm_s000,ddm_dnm,35492826,0,0
P02,3,28,0.05,0.24,9.564834,-1,1,1110.3082265581643,10.702063,0.281,0.281,False,5.642421,254,TRAIN,ddm_dnm_s000,ddm_dnm,35492826,0,0
P02,3,29,0.05,0.24,6.777808,-1,1,1192.3082265581643,7.924949,0.281,0.281,False,10.702063,255,TRAIN,ddm_dnm_s000,ddm_dnm,35492826,0,0
P02,3,30,0.05,0.24,9.459146,-1,1,1115.3082265581643,10.605327,0.281,0.281,False,7.924949,256,TRAIN,ddm_dnm_s000,ddm_dnm,35492826,0,0
P02,3,31,0.05,0.24,-7.868525,1,0,991.3082265581644,-6.72139,0.281,0.281,False,10.605327,257,TEST,ddm_dnm_s000,ddm_dnm,35492826,0,0
P02,3,32,0.05,0.24,10.199569,-1,1,991.3082265581644,9.055769,0.281,0.281,False,-6.72139,258,TEST,ddm_dnm_s000,ddm_dnm,35492826,0,0
P02,3,33,0.05,0.24,12.131824,-1,1,1084.3082265581643,13.278698,0.281,0.281,False,9.055769,259,TEST,ddm_dnm_s000,ddm_dnm,35492826,0,0
P02,3,34,0.05,0.24,6.71334,-1,1,1147.3082265581643,7.86054,0.281,0.281,False,13.278698,260,TEST,ddm_dnm_s000,ddm_dnm,35492826,0,0
P02,3,35,0.05,0.24,13.557009,-1,1,1074.3082265581643,14.703122,0.281,0.281,False,7.86054,261,TEST,ddm_dnm_s000,ddm_dnm,35492826,0,0
P02,3,36,0.05,0.24,9.419999,-1,1,1110.3082265581643,10.567203,0.281,0.281,False,14.703122,262,TEST,ddm_dnm_s000,ddm_dnm,35492826,0,0
P02,3,37,0.05,0.24,12.881156,-1,1,1074.3082265581643,14.028288,0.281,0.281,False,10.567203,263,TEST,ddm_dnm_s000,ddm_dnm,35492826,0,0
P02,3,38,0.05,0.24,11.761599,-1,1,1097.3082265581643,12.908801,0.281,0.281,False,14.028288,264,TEST,ddm_dnm_s000,ddm_dnm,35492826,0,0
P02,3,39,0.05,0.24,1.527142,-1,1,1657.3082265581643,2.67434,0.241,0.241,False,12.908801,265,TEST,ddm_dnm_s000,ddm_dnm,35492826,0,0
P02,3,40,0.05,0.24,10.825466,-1,1,1097.3082265581643,11.797811,0.241,0.241,False,2.67434,266,TEST,ddm_dnm_s000,ddm_dnm,35492826,0,0
P02,4,1,0.3,0.24,-14.304465,1,0,1035.3082265581643,-14.304465,0.001,0.001,True,0.0,267,TRAIN,ddm_dnm_s000,ddm_dnm,35492826,0,0
P02,4,2,0.3,0.24,-8.265654,1,0,1126.3082265581643,-7.938774,0.001,0.001,False,-14.304465,268,TRAIN,ddm_dnm_s000,ddm_dnm,35492826,0,0
P02,4,3,0.3,0.24,-10.078384,1,0,1106.3082265581643,-9.751741,0.001,0.001,False,-7.938774,269,TRAIN,ddm_dnm_s000,ddm_dnm,35492826,0,0
P02,4,4,0.3,0.24,-11.813207,1,0,1092.3082265581643,-11.486366,0.001,0.001,False,-9.751741,270,TRAIN,ddm_dnm_s000,ddm_dnm,35492826,0,0
P02,4,5,0.3,0.24,-11.410444,1,0,1090.3082265581643,-11.083571,0.001,0.001,False,-11.486366,271,TRAIN,ddm_dnm_s000,ddm_dnm,35492826,0,0
P02,4,6,0.3,0.24,-5.831295,1,0,1170.3082265581643,-5.504425,0.001,0.001,False,-11.083571,272,TRAIN,ddm_dnm_s000,ddm_dnm,35492826,0,0
P02,4,7,0.3,0.24,-15.217564,1,0,1071.3082265581643,-14.89338,0.001,0.001,False,-5.504425,273,TRAIN,ddm_dnm_s000,ddm_dnm,35492826,0,0
P02,4,8,0.3,0.24,-8.327514,-1,0,991.3082265581644,-8.000634,0.001,0.001,False,-14.89338,274,TRAIN,ddm_dnm_s000,ddm_dnm,35492826,0,0
P02,4,9,0.3,0.24,-15.625,1,0,1060.3082265581643,-15.298343,0.001,0.001,False,-8.000634,275,TRAIN,ddm_dnm_s000,ddm_dnm,35492826,0,0
P02,4,10,0.3,0.24,-15.625,1,0,1064.3082265581643,-15.29812,0.001,0.001,False,-15.298343,276,TRAIN,ddm_dnm_s000,ddm_dnm,35492826,0,0
P02,4,11,0.3,0.24,-13.227271,1,0,1080.3082265581643,-12.900392,0.001,0.001,False,-15.29812,277,TRAIN,ddm_dnm_s000,ddm_dnm,35492826,0,0
P02,4,12,0.3,0.24,-10.268798,1,0,1109.3082265581643,-9.94192,0.001,0.001,False,-12.900392,278,TRAIN,ddm_dnm_s000,ddm_dnm,35492826,0,0
P02,4,13,0.3,0.24,10.65242,-1,1,991.3082265581644,10.979268,0.071,0.071,False,-9.94192,279,TRAIN,ddm_dnm_s000,ddm_dnm,35492826,0,0
P02,4,14,0.3,0.24,12.426453,-1,1,1083.3082265581643,12.099584,0.071,0.071,False,10.979268,280,TRAIN,ddm_dnm_s000,ddm_dnm,35492826,0,0
P02,4,15,0.3,0.24,10.020247,1,1,991.3082265581644,9.693371,0.071,0.071,False,12.099584,281,TRAIN,ddm_dnm_s000,ddm_dnm,35492826,0,0
P02,4,16,0.3,0.24,14.827992,-1,1,1070.3082265581643,14.501153,0.071,0.071,False,9.693371,282,TRAIN,ddm_dnm_s000,ddm_dnm,35492826,0,0
P02,4,17,0.3,0.24,5.498198,-1,1,1217.3082265581643,5.171318,0.051,0.051,False,14.501153,283,TRAIN,ddm_dnm_s000,ddm_dnm,35492826,0,0
P02,4,18,0.3,0.24,-8.12593,1,0,991.3082265581644,-8.449055,0.171,0.171,False,5.171318,284,TRAIN,ddm_dnm_s000,ddm_dnm,35492826,0,0
P02,4,19,0.3,0.24,8.593747,-1,1,991.3082265581644,8.920485,0.201,0.201,False,-8.449055,285,TRAIN,ddm_dnm_s000,ddm_dnm,35492826,0,0
P02,4,20,0.3,0.24,10.84706,-1,1,1100.3082265581643,10.520269,0.201,0.201,False,8.920485,286,TRAIN,ddm_dnm_s000,ddm_dnm,35492826,0,0
P02,4,21,0.3,0.24,4.36139,-1,1,1258.3082265581643,4.034528,0.131,0.131,False,10.520269,287,TRAIN,ddm_dnm_s000,ddm_dnm,35492826,0,0
P02,4,22,0.3,0.24,7.468522,-1,1,1141.3082265581643,7.153201,0.131,0.131,False,4.034528,288,TRAIN,ddm_dnm_s000,ddm_dnm,35492826,0,0
P02,4,23,0.3,0.24,-8.804827,1,0,991.3082265581644,-9.131187,0.151,0.151,False,7.153201,289,TRAIN,ddm_dnm_s000,ddm_dnm,35492826,0,0
P02,4,24,0.3,0.24,-2.273838,-1,0,991.3082265581644,-1.94703,0.071,0.071,False,-9.131187,290,TRAIN,ddm_dnm_s000,ddm_dnm,35492826,0,0
P02,4,25,0.3,0.24,13.239772,-1,1,991.3082265581644,13.484059,0.071,0.071,False,-1.94703,291,TRAIN,ddm_dnm_s000,ddm_dnm,35492826,0,0
P02,4,26,0.3,0.24,-9.608902,1,0,991.3082265581644,-9.935781,0.071,0.071,False,13.484059,292,TRAIN,ddm_dnm_s000,ddm_dnm,35492826,0,0
P02,4,27,0.3,0.24,-5.82178,1,0,1181.3082265581643,-5.494933,0.071,0.071,False,-9.935781,293,TRAIN,ddm_dnm_s000,ddm_dnm,35492826,0,0
P02,4,28,0.3,0.24,-13.581575,1,0,1083.3082265581643,-13.257416,0.071,0.071,False,-5.494933,294,TRAIN,ddm_dnm_s000,ddm_dnm,35492826,0,0
P02,4,29,0.3,0.24,-10.101998,1,0,1105.3082265581643,-9.775119,0.071,0.071,False,-13.257416,295,TRAIN,ddm_dnm_s000,ddm_dnm,35492826,0,0
P02,4,30,0.3,0.24,7.490093,-1,1,991.3082265581644,7.816935,0.091,0.091,False,-9.775119,296,TRAIN,ddm_dnm_s000,ddm_dnm,35492826,0,0
P02,4,31,0.3,0.24,-1.322319,1,1,1757.3082265581643,-1.64893,0.581,0.581,False,7.816935,297,TEST,ddm_dnm_s000,ddm_dnm,35492826,0,0
P02,4,32,0.3,0.24,6.233863,-1,1,1148.3082265581643,6.454258,0.581,0.581,False,-1.64893,298,TEST,ddm_dnm_s000,ddm_dnm,35492826,0,0
P02,4,33,0.3,0.24,6.739776,-1,1,1021.3082265581644,6.413942,0.581,0.581,False,6.454258,299,TEST,ddm_dnm_s000,ddm_dnm,35492826,0,0
P02,4,34,0.3,0.24,14.361592,-1,1,998.3082265581644,14.035801,0.581,0.581,False,6.413942,300,TEST,ddm_dnm_s000,ddm_dnm,35492826,0,0
P02,4,35,0.3,0.24,9.924287,-1,1,1006.3082265581644,9.597408,0.581,0.581,False,14.035801,301,TEST,ddm_dnm_s000,ddm_dnm,35492826,0,0
P02,4,36,0.3,0.24,9.683776,-1,1,1004.3082265581644,9.356941,0.581,0.581,False,9.597408,302,TEST,ddm_dnm_s000,ddm_dnm,35492826,0,0
P02,4,37,0.3,0.24,5.369967,-1,1,1016.3082265581644,5.043145,0.581,0.581,False,9.356941,303,TEST,ddm_dnm_s000,ddm_dnm,35492826,0,0
P02,4,38,0.3,0.24,8.737786,-1,1,1009.3082265581644,8.415171,0.581,0.581,False,5.043145,304,TEST,ddm_dnm_s000,ddm_dnm,35492826,0,0
P02,4,39,0.3,0.24,12.787129,-1,1,1003.3082265581644,12.460396,0.581,0.581,False,8.415171,305,TEST,ddm_dnm_s000,ddm_dnm,35492826,0,0
P02,4,40,0.3,0.24,9.278616,-1,1,1010.3082265581644,8.951739,0.581,0.581,False,12.460396,306,TEST,ddm_dnm_s000,ddm_dnm,35492826,0,0
P03,1,1,0.05,0.24,-4.369228,1,0,1124.3082265581643,-4.369228,0.001,0.001,True,0.0,307,TRAIN,ddm_dnm_s000,ddm_dnm,35492826,0,0
P03,1,2,0.05,0.24,-11.858386,1,0,1093.3082265581643,-14.96763,0.001,0.001,False,-4.369228,308,TRAIN,ddm_dnm_s000,ddm_dnm,35492826,0,0
P03,1,3,0.05,0.24,-12.604174,1,0,1091.3082265581643,-16.046441,0.001,0.001,False,-14.96763,309,TRAIN,ddm_dnm_s000,ddm_dnm,35492826,0,0
P03,1,4,0.05,0.24,-6.761088,1,0,1158.3082265581643,-10.203362,0.001,0.001,False,-16.046441,310,TRAIN,ddm_dnm_s000,ddm_dnm,35492826,0,0
P03,1,5,0.05,0.24,-6.696168,-1,0,991.3082265581644,-10.137289,0.001,0.001,False,-10.203362,311,TRAIN,ddm_dnm_s000,ddm_dnm,35492826,0,0
P03,1,6,0.05,0.24,-10.75467,1,0,1106.3082265581643,-14.195713,0.001,0.001,False,-10.137289,312,TRAIN,ddm_dnm_s000,ddm_dnm,35492826,0,0
P03,1,7,0.05,0.24,-6.443653,1,0,1167.3082265581643,-9.885909,0.001,0.001,False,-14.195713,313,TRAIN,ddm_dnm_s000,ddm_dnm,35492826,0,0
P03,1,8,0.05,0.24,-9.016778,1,0,1126.3082265581643,-12.457467,0.001,0.001,False,-9.885909,314,TRAIN,ddm_dnm_s000,ddm_dnm,35492826,0,0
P03,1,9,0.05,0.24,-4.445983,1,0,1266.3082265581643,-7.888139,0.001,0.001,False,-12.457467,315,TRAIN,ddm_dnm_s000,ddm_dnm,35492826,0,0
P03,1,10,0.05,0.24,-15.582326,1,0,1064.3082265581643,-19.012957,0.001,0.001,False,-7.888139,316,TRAIN,ddm_dnm_s000,ddm_dnm,35492826,0,0
P03,1,11,0.05,0.24,12.933866,-1,1,991.3082265581644,9.491589,0.011,0.011,False,-19.012957,317,TRAIN,ddm_dnm_s000,ddm_dnm,35492826,0,0
P03,1,12,0.05,0.24,-10.498678,1,0,991.3082265581644,-7.058755,0.041,0.041,False,9.491589,318,TRAIN,ddm_dnm_s000,ddm_dnm,35492826,0,0
P03,1,13,0.05,0.24,-13.399332,1,0,1074.3082265581643,-16.815115,0.041,0.041,False,-7.058755,319,TRAIN,ddm_dnm_s000,ddm_dnm,35492826,0,0
P03,1,14,0.05,0.24,1.138615,-1,1,991.3082265581644,-2.303661,0.001,0.001,False,-16.815115,320,TRAIN,ddm_dnm_s000,ddm_dnm,35492826,0,0
P03,1,15,0.05,0.24,7.277424,-1,1,992.3082265581644,5.248402,0.011,0.011,False,-2.303661,321,TRAIN,ddm_dnm_s000,ddm_dnm,35492826,0,0
P03,1,16,0.05,0.24,2.594768,-1,1,1459.3082265581643,5.885103,0.011,0.011,False,5.248402,322,TRAIN,ddm_dnm_s000,ddm_dnm,35492826,0,0
P03,1,17,0.05,0.24,8.842218,-1,1,1128.3082265581643,12.201241,0.011,0.011,False,5.885103,323,TRAIN,ddm_dnm_s000,ddm_dnm,35492826,0,0
P03,1,18,0.05,0.24,-7.622578,1,0,991.3082265581644,-4.180458,0.001,0.001,False,12.201241,324,TRAIN,ddm_dnm_s000,ddm_dnm,35492826,0,0
P03,1,19,0.05,0.24,-5.142624,1,0,1218.3082265581643,-8.194713,0.001,0.001,False,-4.180458,325,TRAIN,ddm_dnm_s000,ddm_dnm,35492826,0,0
P03,1,20,0.05,0.24,-9.703624,1,0,1111.3082265581643,-13.137316,0.001,0.001,False,-8.194713,326,TRAIN,ddm_dnm_s000,ddm_dnm,35492826,0,0
P03,1,21,0.05,0.24,-13.07453,1,0,1084.3082265581643,-16.516746,0.001,0.001,False,-13.137316,327,TRAIN,ddm_dnm_s000,ddm_dnm,35492826,0,0
P03,1,22,0.05,0.24,-6.187045,1,0,1188.3082265581643,-9.62932,0.001,0.001,False,-16.516746,328,TRAIN,ddm_dnm_s000,ddm_dnm,35492826,0,0
P03,1,23,0.05,0.24,-4.360404,1,0,1261.3082265581643,-7.80063,0.001,0.001,False,-9.62932,329,TRAIN,ddm_dnm_s000,ddm_dnm,35492826,0,0
P03,1,24,0.05,0.24,-4.931539,1,0,1263.3082265581643,-8.361112,0.001,0.001,False,-7.80063,330,TRAIN,ddm_dnm_s000,ddm_dnm,35492826,0,0
P03,1,25,0.05,0.24,-12.22373,1,0,1080.3082265581643,-15.658733,0.001,0.001,False,-8.361112,331,TRAIN,ddm_dnm_s000,ddm_dnm,35492826,0,0
P03,1,26,0.05,0.24,-10.925936,1,0,1105.3082265581643,-14.368208,0.001,0.001,False,-15.658733,332,TRAIN,ddm_dnm_s000,ddm_dnm,35492826,0,0
P03,1,27,0.05,0.24,-9.550095,1,0,1116.3082265581643,-12.992354,0.001,0.001,False,-14.368208,333,TRAIN,ddm_dnm_s000,ddm_dnm,35492826,0,0
P03,1,28,0.05,0.24,1.400417,-1,0,995.3082265581644,-2.041789,0.011,0.011,False,-12.992354,334,TRAIN,ddm_dnm_s000,ddm_dnm,35492826,0,0
P03,1,29,0.05,0.24,-6.089533,-1,0,991.3082265581644,-7.915146,0.011,0.011,False,-2.041789,335,TRAIN,ddm_dnm_s000,ddm_dnm,35492826,0,0
P03,1,30,0.05,0.24,11.432953,-1,1,991.3082265581644,8.002013,0.011,0.011,False,-7.915146,336,TRAIN,ddm_dnm_s000,ddm_dnm,35492826,0,0
P03,1,31,0.05,0.24,-5.256714,1,0,991.3082265581644,-1.824836,0.031,0.031,False,8.002013,337,TEST,ddm_dnm_s000,ddm_dnm,35492826,0,0
P03,1,32,0.05,0.24,-12.272212,1,0,1089.3082265581643,-13.921201,0.031,0.031,False,-1.824836,338,TEST,ddm_dnm_s000,ddm_dnm,35492826,0,0
P03,1,33,0.05,0.24,-4.186203,1,0,1247.3082265581643,-7.628452,0.031,0.031,False,-13.921201,339,TEST,ddm_dnm_s000,ddm_dnm,35492826,0,0
P03,1,34,0.05,0.24,-10.443104,1,0,1111.3082265581643,-13.870307,0.031,0.031,False,-7.628452,340,TEST,ddm_dnm_s000,ddm_dnm,35492826,0,0
P03,1,35,0.05,0.24,-14.485509,1,0,1076.3082265581643,-17.927757,0.031,0.031,False,-13.870307,341,TEST,ddm_dnm_s000,ddm_dnm,35492826,0,0
P03,1,36,0.05,0.24,-4.746216,-1,0,991.3082265581644,-8.188493,0.031,0.031,False,-17.927757,342,TEST,ddm_dnm_s000,ddm_dnm,35492826,0,0
P03,1,37,0.05,0.24,-10.598072,1,0,1099.3082265581643,-14.031711,0.031,0.031,False,-8.188493,343,TEST,ddm_dnm_s000,ddm_dnm,35492826,0,0
P03,1,38,0.05,0.24,-7.956457,1,0,1121.3082265581643,-11.398709,0.031,0.031,False,-14.031711,344,TEST,ddm_dnm_s000,ddm_dnm,35492826,0,0
P03,1,39,0.05,0.24,-3.536125,-1,0,991.3082265581644,-6.978052,0.031,0.031,False,-11.398709,345,TEST,ddm_dnm_s000,ddm_dnm,35492826,0,0
P03,1,40,0.05,0.24,-4.866495,-1,0,991.3082265581644,-8.280082,0.031,0.031,False,-6.978052,346,TEST,ddm_dnm_s000,ddm_dnm,35492826,0,0
P03,2,1,0.3,0.24,10.546423,-1,1,1042.3082265581643,10.546423,0.001,0.001,True,0.0,347,TRAIN,ddm_dnm_s000,ddm_dnm,35492826,0,0
P03,2,2,0.3,0.24,4.185889,-1,1,1295.3082265581643,4.141884,0.001,0.001,False,10.546423,348,TRAIN,ddm_dnm_s000,ddm_dnm,35492826,0,0
P03,2,3,0.3,0.24,6.565596,-1,1,1162.3082265581643,6.522967,0.001,0.001,False,4.141884,349,TRAIN,ddm_dnm_s000,ddm_dnm,35492826,0,0
P03,2,4,0.3,0.24,6.321279,1,1,991.3082265581644,6.277401,0.001,0.001,False,6.522967,350,TRAIN,ddm_dnm_s000,ddm_dnm,35492826,0,0
P03,2,5,0.3,0.24,5.785744,-1,1,1185.3082265581643,5.741902,0.001,0.001,False,6.277401,351,TRAIN,ddm_dnm_s000,ddm_dnm,35492826,0,0
P03,2,6,0.3,0.24,-1.486485,-1,0,1040.3082265581643,-1.53021,0.761,0.761,False,5.741902,352,TRAIN,ddm_dnm_s000,ddm_dnm,35492826,0,0
P03,2,7,0.3,0.24,13.545778,-1,1,1076.3082265581643,13.574119,0.761,0.761,False,-1.53021,353,TRAIN,ddm_dnm_s000,ddm_dnm,35492826,0,0
P03,2,8,0.3,0.24,2.785248,-1,1,1025.3082265581643,2.741241,0.611,0.611,False,13.574119,354,TRAIN,ddm_dnm_s000,ddm_dnm,35492826,0,0
P03,2,9,0.3,0.24,5.800753,-1,1,1012.3082265581644,5.76208,0.611,0.611,False,2.741241,355,TRAIN,ddm_dnm_s000,ddm_dnm,35492826,0,0
P03,2,10,0.3,0.24,-8.05797,1,0,1112.3082265581643,-8.101701,0.611,0.611,False,5.76208,356,TRAIN,ddm_dnm_s000,ddm_dnm,35492826,0,0
P03,2,11,0.3,0.24,9.636888,-1,1,1127.3082265581643,9.680869,0.611,0.611,False,-8.101701,357,TRAIN,ddm_dnm_s000,ddm_dnm,35492826,0,0
P03,2,12,0.3,0.24,-8.289551,1,0,1117.3082265581643,-8.333552,0.611,0.611,False,9.680869,358,TRAIN,ddm_dnm_s000,ddm_dnm,35492826,0,0
P03,2,13,0.3,0.24,-1.573824,1,0,1427.3082265581643,-1.529838,0.451,0.451,False,-8.333552,359,TRAIN,ddm_dnm_s000,ddm_dnm,35492826,0,0
P03,2,14,0.3,0.24,-5.632063,1,0,1144.3082265581643,-5.603726,0.451,0.451,False,-1.529838,360,TRAIN,ddm_dnm_s000,ddm_dnm,35492826,0,0
P03,2,15,0.3,0.24,-11.883773,1,0,1065.3082265581643,-11.840089,0.451,0.451,False,-5.603726,361,TRAIN,ddm_dnm_s000,ddm_dnm,35492826,0,0
P03,2,16,0.3,0.24,5.407289,-1,1,1045.3082265581643,5.451295,0.451,0.451,False,-11.840089,362,TRAIN,ddm_dnm_s000,ddm_dnm,35492826,0,0
P03,2,17,0.3,0.24,-9.8203,1,0,1019.3082265581644,-9.863931,0.451,0.451,False,5.451295,363,TRAIN,ddm_dnm_s000,ddm_dnm,35492826,0,0
P03,2,18,0.3,0.24,10.189343,-1,1,1015.3082265581644,10.233345,0.451,0.451,False,-9.863931,364,TRAIN,ddm_dnm_s000,ddm_dnm,35492826,0,0
P03,2,19,0.3,0.24,-6.115493,1,0,1043.3082265581643,-6.159497,0.461,0.461,False,10.233345,365,TRAIN,ddm_dnm_s000,ddm_dnm,35492826,0,0
P03,2,20,0.3,0.24,-4.416879,1,0,1228.3082265581643,-4.373057,0.451,0.451,False,-6.159497,366,TRAIN,ddm_dnm_s000,ddm_dnm,35492826,0,0
P03,2,21,0.3,0.24,-6.272916,1,0,1114.3082265581643,-6.230006,0.451,0.451,False,-4.373057,367,TRAIN,ddm_dnm_s000,ddm_dnm,35492826,0,0
P03,2,22,0.3,0.24,-0.946114,1,0,2565.3082265581643,-0.90228,0.341,0.341,False,-6.230006,368,TRAIN,ddm_dnm_s000,ddm_dnm,35492826,0,0
P03,2,23,0.3,0.24,-9.156891,1,0,1049.3082265581643,-9.138285,0.511,0.511,False,-0.90228,369,TRAIN,ddm_dnm_s000,ddm_dnm,35492826,0,0
P03,2,24,0.3,0.24,-8.968294,1,0,1056.3082265581643,-8.924297,0.511,0.511,False,-9.138285,370,TRAIN,ddm_dnm_s000,ddm_dnm,35492826,0,0
P03,2,25,0.3,0.24,-9.862473,1,0,1050.3082265581643,-9.818477,0.511,0.511,False,-8.924297,371,TRAIN,ddm_dnm_s000,ddm_dnm,35492826,0,0
P03,2,26,0.3,0.24,8.606987,-1,1,1074.3082265581643,8.650989,0.511,0.511,False,-9.818477,372,TRAIN,ddm_dnm_s000,ddm_dnm,35492826,0,0
P03,2,27,0.3,0.24,-6.379015,1,0,1098.3082265581643,-6.423007,0.511,0.511,False,8.650989,373,TRAIN,ddm_dnm_s000,ddm_dnm,35492826,0,0
P03,2,28,0.3,0.24,-9.780321,1,0,1040.3082265581643,-9.736456,0.511,0.511,False,-6.423007,374,TRAIN,ddm_dnm_s000,ddm_dnm,35492826,0,0
P03,2,29,0.3,0.24,-5.458357,1,0,1115.3082265581643,-5.414355,0.511,0.511,False,-9.736456,375,TRAIN,ddm_dnm_s000,ddm_dnm,35492826,0,0
P03,2,30,0.3,0.24,-13.491708,1,0,1028.3082265581643,-13.448091,0.511,0.511,False,-5.414355,376,TRAIN,ddm_dnm_s000,ddm_dnm,35492826,0,0
P03,2,31,0.3,0.24,-3.79513,1,0,1120.3082265581643,-3.751123,0.511,0.511,False,-13.448091,377,TEST,ddm_dnm_s000,ddm_dnm,35492826,0,0
P03,2,32,0.3,0.24,10.299103,-1,1,1057.3082265581643,10.341089,0.511,0.511,False,-3.751123,378,TEST,ddm_dnm_s000,ddm_dnm,35492826,0,0
P03,2,33,0.3,0.24,5.95158,-1,1,1067.3082265581643,5.907576,0.511,0.511,False,10.341089,379,TEST,ddm_dnm_s000,ddm_dnm,35492826,0,0
P03,2,34,0.3,0.24,8.375251,-1,1,1051.3082265581643,8.331482,0.511,0.511,False,5.907576,380,TEST,ddm_dnm_s000,ddm_dnm,35492826,0,0
P03,2,35,0.3,0.24,-14.873962,1,0,1032.3082265581643,-14.917948,0.511,0.511,False,8.331482,381,TEST,ddm_dnm_s000,ddm_dnm,35492826,0,0
P03,2,36,0.3,0.24,-6.525957,1,0,1066.3082265581643,-6.48195,0.511,0.511,False,-14.917948,382,TEST,ddm_dnm_s000,ddm_dnm,35492826,0,0
P03,2,37,0.3,0.24,-5.328047,1,0,1094.3082265581643,-5.284175,0.511,0.511,False,-6.48195,383,TEST,ddm_dnm_s000,ddm_dnm,35492826,0,0
P03,2,38,0.3,0.24,-13.992276,1,0,1025.3082265581643,-13.948713,0.511,0.511,False,-5.284175,384,TEST,ddm_dnm_s000,ddm_dnm,35492826,0,0
P03,2,39,0.3,0.24,-7.423839,1,0,1059.3082265581643,-7.379832,0.511,0.511,False,-13.948713,385,TEST,ddm_dnm_s000,ddm_dnm,35492826,0,0
P03,2,40,0.3,0.24,-8.668375,1,0,1040.3082265581643,-8.624423,0.511,0.511,False,-7.379832,386,TEST,ddm_dnm_s000,ddm_dnm,35492826,0,0
P03,3,1,0.1,0.24,-4.509215,1,0,1127.3082265581643,-4.509215,0.001,0.001,True,0.0,387,TRAIN,ddm_dnm_s000,ddm_dnm,35492826,0,0
P03,3,2,0.1,0.24,-5.009497,-1,0,991.3082265581644,-8.820465,0.001,0.001,False,-4.509215,388,TRAIN,ddm_dnm_s000,ddm_dnm,35492826,0,0
P03,3,3,0.1,0.24,-8.777015,1,0,1148.3082265581643,-13.262625,0.001,0.001,False,-8.820465,389,TRAIN,ddm_dnm_s000,ddm_dnm,35492826,0,0
P03,3,4,0.1,0.24,-9.552681,1,0,1108.3082265581643,-14.051324,0.001,0.001,False,-13.262625,390,TRAIN,ddm_dnm_s000,ddm_dnm,35492826,0,0
P03,3,5,0.1,0.24,-10.632237,1,0,1091.3082265581643,-15.130965,0.001,0.001,False,-14.051324,391,TRAIN,ddm_dnm_s000,ddm_dnm,35492826,0,0
P03,3,6,0.1,0.24,-9.712358,1,0,1116.3082265581643,-14.211133,0.001,0.001,False,-15.130965,392,TRAIN,ddm_dnm_s000,ddm_dnm,35492826,0,0
P03,3,7,0.1,0.24,-15.625,1,0,1071.3082265581643,-20.123739,0.001,0.001,False,-14.211133,393,TRAIN,ddm_dnm_s000,ddm_dnm,35492826,0,0
P03,3,8,0.1,0.24,-5.430824,1,0,1203.3082265581643,-9.929623,0.001,0.001,False,-20.123739,394,TRAIN,ddm_dnm_s000,ddm_dnm,35492826,0,0
P03,3,9,0.1,0.24,-7.120969,1,0,1161.3082265581643,-11.615399,0.001,0.001,False,-9.929623,395,TRAIN,ddm_dnm_s000,ddm_dnm,35492826,0,0
P03,3,10,0.1,0.24,-15.625,1,0,1068.3082265581643,-20.122988,0.001,0.001,False,-11.615399,396,TRAIN,ddm_dnm_s000,ddm_dnm,35492826,0,0
P03,3,11,0.1,0.24,-15.625,1,0,1062.3082265581643,-20.123799,0.001,0.001,False,-20.122988,397,TRAIN,ddm_dnm_s000,ddm_dnm,35492826,0,0
P03,3,12,0.1,0.24,-12.716759,1,0,1084.3082265581643,-17.215557,0.001,0.001,False,-20.123799,398,TRAIN,ddm_dnm_s000,ddm_dnm,35492826,0,0
P03,3,13,0.1,0.24,-7.518425,1,0,1132.3082265581643,-12.017221,0.001,0.001,False,-17.215557,399,TRAIN,ddm_dnm_s000,ddm_dnm,35492826,0,0
P03,3,14,0.1,0.24,-14.890922,1,0,1065.3082265581643,-19.389179,0.001,0.001,False,-12.017221,400,TRAIN,ddm_dnm_s000,ddm_dnm,35492826,0,0
P03,3,15,0.1,0.24,-6.789761,-1,0,991.3082265581644,-11.28856,0.001,0.001,False,-19.389179,401,TRAIN,ddm_dnm_s000,ddm_dnm,35492826,0,0
P03,3,16,0.1,0.24,-2.977017,1,0,1346.3082265581643,-7.474692,0.001,0.001,False,-11.28856,402,TRAIN,ddm_dnm_s000,ddm_dnm,35492826,0,0
P03,3,17,0.1,0.24,-12.055302,1,0,1089.3082265581643,-16.504363,0.001,0.001,False,-7.474692,403,TRAIN,ddm_dnm_s000,ddm_dnm,35492826,0,0
P03,3,18,0.1,0.24,-10.263682,1,0,1100.3082265581643,-14.762475,0.001,0.001,False,-16.504363,404,TRAIN,ddm_dnm_s000,ddm_dnm,35492826,0,0
P03,3,19,0.1,0.24,9.54693,-1,1,992.3082265581644,5.048166,0.031,0.031,False,-14.762475,405,TRAIN,ddm_dnm_s000,ddm_dnm,35492826,0,0
P03,3,20,0.1,0.24,9.933285,-1,1,1107.3082265581643,13.976432,0.031,0.031,False,5.048166,406,TRAIN,ddm_dnm_s000,ddm_dnm,35492826,0,0
P03,3,21,0.1,0.24,5.155407,-1,1,1226.3082265581643,9.65413,0.031,0.031,False,13.976432,407,TRAIN,ddm_dnm_s000,ddm_dnm,35492826,0,0
P03,3,22,0.1,0.24,7.236577,-1,1,1146.3082265581643,11.729625,0.031,0.031,False,9.65413,408,TRAIN,ddm_dnm_s000,ddm_dnm,35492826,0,0
P03,3,23,0.1,0.24,8.165405,-1,1,1128.3082265581643,12.66348,0.031,0.031,False,11.729625,409,TRAIN,ddm_dnm_s000,ddm_dnm,35492826,0,0
P03,3,24,0.1,0.24,4.706404,-1,1,1280.3082265581643,9.204919,0.031,0.031,False,12.66348,410,TRAIN,ddm_dnm_s000,ddm_dnm,35492826,0,0
P03,3,25,0.1,0.24,15.625,-1,1,1066.3082265581643,20.114801,0.031,0.031,False,9.204919,411,TRAIN,ddm_dnm_s000,ddm_dnm,35492826,0,0
P03,3,26,0.1,0.24,15.625,-1,1,1071.3082265581643,20.123799,0.031,0.031,False,20.114801,412,TRAIN,ddm_dnm_s000,ddm_dnm,35492826,0,0
P03,3,27,0.1,0.24,15.625,-1,1,1066.3082265581643,20.123799,0.031,0.031,False,20.123799,413,TRAIN,ddm_dnm_s000,ddm_dnm,35492826,0,0
P03,3,28,0.1,0.24,-10.091931,1,0,991.3082265581644,-5.593132,0.001,0.001,False,20.123799,414,TRAIN,ddm_dnm_s000,ddm_dnm,35492826,0,0
P03,3,29,0.1,0.24,-10.733926,1,0,1100.3082265581643,-14.944013,0.001,0.001,False,-5.593132,415,TRAIN,ddm_dnm_s000,ddm_dnm,35492826,0,0
P03,3,30,0.1,0.24,2.713739,-1,1,991.3082265581644,-1.785031,0.001,0.001,False,-14.944013,416,TRAIN,ddm_dnm_s000,ddm_dnm,35492826,0,0
P03,3,31,0.1,0.24,15.625,-1,1,991.3082265581644,13.902286,0.001,0.001,False,-1.785031,417,TEST,ddm_dnm_s000,ddm_dnm,35492826,0,0
P03,3,32,0.1,0.24,6.87324,1,1,991.3082265581644,11.371957,0.001,0.001,False,13.902286,418,TEST,ddm_dnm_s000,ddm_dnm,35492826,0,0
P03,3,33,0.1,0.24,7.623061,-1,1,1128.3082265581643,12.120826,0.001,0.001,False,11.371957,419,TEST,ddm_dnm_s000,ddm_dnm,35492826,0,0
P03,3,34,0.1,0.24,3.157105,-1,1,1392.3082265581643,7.655415,0.001,0.001,False,12.120826,420,TEST,ddm_dnm_s000,ddm_dnm,35492826,0,0
P03,3,35,0.1,0.24,10.942047,-1,1,1096.3082265581643,15.399163,0.001,0.001,False,7.655415,421,TEST,ddm_dnm_s000,ddm_dnm,35492826,0,0
P03,3,36,0.1,0.24,-5.815297,1,0,991.3082265581644,-1.316517,0.011,0.011,False,15.399163,422,TEST,ddm_dnm_s000,ddm_dnm,35492826,0,0
P03,3,37,0.1,0.24,-11.358951,1,0,1091.3082265581643,-12.637792,0.011,0.011,False,-1.316517,423,TEST,ddm_dnm_s000,ddm_dnm,35492826,0,0
P03,3,38,0.1,0.24,-4.156943,1,0,1247.3082265581643,-8.65545,0.011,0.011,False,-12.637792,424,TEST,ddm_dnm_s000,ddm_dnm,35492826,0,0
P03,3,39,0.1,0.24,-6.800345,-1,0,991.3082265581644,-11.283607,0.011,0.011,False,-8.65545,425,TEST,ddm_dnm_s000,ddm_dnm,35492826,0,0
P03,3,40,0.1,0.24,-8.674533,1,0,1139.3082265581643,-13.172202,0.011,0.011,False,-11.283607,426,TEST,ddm_dnm_s000,ddm_dnm,35492826,0,0
P03,4,1,0.5,0.24,-0.917696,1,0,1496.3082265581643,-0.917696,0.001,0.001,True,0.0,427,TRAIN,ddm_dnm_s000,ddm_dnm,35492826,0,0
P03,4,2,0.5,0.24,-5.37361,1,0,1206.3082265581643,-6.146303,0.001,0.001,False,-0.917696,428,TRAIN,ddm_dnm_s000,ddm_dnm,35492826,0,0
P03,4,3,0.5,0.24,-1.983925,-1,0,991.3082265581644,-4.527884,0.001,0.001,False,-6.146303,429,TRAIN,ddm_dnm_s000,ddm_dnm,35492826,0,0
P03,4,4,0.5,0.24,-9.905521,1,0,1105.3082265581643,-12.345556,0.001,0.001,False,-4.527884,430,TRAIN,ddm_dnm_s000,ddm_dnm,35492826,0,0
P03,4,5,0.5,0.24,-5.009326,1,0,1243.3082265581643,-7.580698,0.001,0.001,False,-12.345556,431,TRAIN,ddm_dnm_s000,ddm_dnm,35492826,0,0
P03,4,6,0.5,0.24,-8.753677,1,0,1136.3082265581643,-11.318491,0.001,0.001,False,-7.580698,432,TRAIN,ddm_dnm_s000,ddm_dnm,35492826,0,0
P03,4,7,0.5,0.24,-8.384756,-1,0,991.3082265581644,-10.956027,0.001,0.001,False,-11.318491,433,TRAIN,ddm_dnm_s000,ddm_dnm,35492826,0,0
P03,4,8,0.5,0.24,-4.692403,1,0,1241.3082265581643,-7.263605,0.001,0.001,False,-10.956027,434,TRAIN,ddm_dnm_s000,ddm_dnm,35492826,0,0
P03,4,9,0.5,0.24,13.881381,-1,1,991.3082265581644,11.319024,0.001,0.001,False,-7.263605,435,TRAIN,ddm_dnm_s000,ddm_dnm,35492826,0,0
P03,4,10,0.5,0.24,7.324147,-1,1,1153.3082265581643,9.895418,0.001,0.001,False,11.319024,436,TRAIN,ddm_dnm_s000,ddm_dnm,35492826,0,0
P03,4,11,0.5,0.24,-15.625,1,0,991.3082265581644,-13.054227,0.001,0.001,False,9.895418,437,TRAIN,ddm_dnm_s000,ddm_dnm,35492826,0,0
P03,4,12,0.5,0.24,9.543696,-1,1,991.3082265581644,6.972295,0.021,0.021,False,-13.054227,438,TRAIN,ddm_dnm_s000,ddm_dnm,35492826,0,0
P03,4,13,0.5,0.24,-11.095432,1,0,991.3082265581644,-8.536124,0.021,0.021,False,6.972295,439,TRAIN,ddm_dnm_s000,ddm_dnm,35492826,0,0
P03,4,14,0.5,0.24,12.253693,-1,1,991.3082265581644,9.684813,0.021,0.021,False,-8.536124,440,TRAIN,ddm_dnm_s000,ddm_dnm,35492826,0,0
P03,4,15,0.5,0.24,15.625,-1,1,1072.3082265581643,18.19562,0.021,0.021,False,9.684813,441,TRAIN,ddm_dnm_s000,ddm_dnm,35492826,0,0
P03,4,16,0.5,0.24,-9.408956,1,0,991.3082265581644,-6.837527,0.031,0.031,False,18.19562,442,TRAIN,ddm_dnm_s000,ddm_dnm,35492826,0,0
P03,4,17,0.5,0.24,12.436934,-1,1,991.3082265581644,9.879362,0.031,0.031,False,-6.837527,443,TRAIN,ddm_dnm_s000,ddm_dnm,35492826,0,0
P03,4,18,0.5,0.24,-14.441693,1,0,991.3082265581644,-11.87093,0.031,0.031,False,9.879362,444,TRAIN,ddm_dnm_s000,ddm_dnm,35492826,0,0
P03,4,19,0.5,0.24,-13.516283,1,0,1079.3082265581643,-16.087621,0.031,0.031,False,-11.87093,445,TRAIN,ddm_dnm_s000,ddm_dnm,35492826,0,0
P03,4,20,0.5,0.24,9.821796,-1,1,991.3082265581644,7.250368,0.041,0.041,False,-16.087621,446,TRAIN,ddm_dnm_s000,ddm_dnm,35492826,0,0
P03,4,21,0.5,0.24,11.354059,-1,1,1082.3082265581643,13.916296,0.041,0.041,False,7.250368,447,TRAIN,ddm_dnm_s000,ddm_dnm,35492826,0,0
P03,4,22,0.5,0.24,2.897451,1,1,991.3082265581644,5.468868,0.031,0.031,False,13.916296,448,TRAIN,ddm_dnm_s000,ddm_dnm,35492826,0,0
P03,4,23,0.5,0.24,4.467455,1,1,991.3082265581644,6.985509,0.031,0.031,False,5.468868,449,TRAIN,ddm_dnm_s000,ddm_dnm,35492826,0,0
P03,4,24,0.5,0.24,10.819562,-1,1,1094.3082265581643,13.379028,0.031,0.031,False,6.985509,450,TRAIN,ddm_dnm_s000,ddm_dnm,35492826,0,0
P03,4,25,0.5,0.24,13.378774,-1,1,1079.3082265581643,15.950182,0.031,0.031,False,13.379028,451,TRAIN,ddm_dnm_s000,ddm_dnm,35492826,0,0
P03,4,26,0.5,0.24,-9.399662,1,0,991.3082265581644,-6.828235,0.041,0.041,False,15.950182,452,TRAIN,ddm_dnm_s000,ddm_dnm,35492826,0,0
P03,4,27,0.5,0.24,14.824871,-1,1,992.3082265581644,12.267428,0.041,0.041,False,-6.828235,453,TRAIN,ddm_dnm_s000,ddm_dnm,35492826,0,0
P03,4,28,0.5,0.24,1.577378,1,1,991.3082265581644,4.148746,0.031,0.031,False,12.267428,454,TRAIN,ddm_dnm_s000,ddm_dnm,35492826,0,0
P03,4,29,0.5,0.24,7.851968,-1,1,1152.3082265581643,10.236855,0.031,0.031,False,4.148746,455,TRAIN,ddm_dnm_s000,ddm_dnm,35492826,0,0
P03,4,30,0.5,0.24,-6.730367,1,0,991.3082265581644,-4.159404,0.051,0.051,False,10.236855,456,TRAIN,ddm_dnm_s000,ddm_dnm,35492826,0,0
P03,4,31,0.5,0.24,9.568418,-1,1,991.3082265581644,7.181727,0.061,0.061,False,-4.159404,457,TEST,ddm_dnm_s000,ddm_dnm,35492826,0,0
P03,4,32,0.5,0.24,13.363978,-1,1,1081.3082265581643,15.925566,0.061,0.061,False,7.181727,458,TEST,ddm_dnm_s000,ddm_dnm,35492826,0,0
P03,4,33,0.5,0.24,4.382512,-1,1,1257.3082265581643,6.953939,0.051,0.051,False,15.925566,459,TEST,ddm_dnm_s000,ddm_dnm,35492826,0,0
P03,4,34,0.5,0.24,12.244304,-1,1,1089.3082265581643,14.80339,0.051,0.051,False,6.953939,460,TEST,ddm_dnm_s000,ddm_dnm,35492826,0,0
P03,4,35,0.5,0.24,9.996452,-1,1,1105.3082265581643,12.567876,0.051,0.051,False,14.80339,461,TEST,ddm_dnm_s000,ddm_dnm,35492826,0,0
P03,4,36,0.5,0.24,-11.226847,1,0,991.3082265581644,-8.655464,0.051,0.051,False,12.567876,462,TEST,ddm_dnm_s000,ddm_dnm,35492826,0,0
P03,4,37,0.5,0.24,15.625,-1,1,991.3082265581644,13.055834,0.051,0.051,False,-8.655464,463,TEST,ddm_dnm_s000,ddm_dnm,35492826,0,0
P03,4,38,0.5,0.24,-7.479292,1,0,991.3082265581644,-4.90789,0.061,0.061,False,13.055834,464,TEST,ddm_dnm_s000,ddm_dnm,35492826,0,0
P03,4,39,0.5,0.24,7.144472,-1,1,991.3082265581644,4.664756,0.071,0.071,False,-4.90789,465,TEST,ddm_dnm_s000,ddm_dnm,35492826,0,0
P03,4,40,0.5,0.24,6.239756,-1,1,1199.3082265581643,8.695655,0.071,0.071,False,4.664756,466,TEST,ddm_dnm_s000,ddm_dnm,35492826,0,0
